NOC,Year,1,2,3,4,5,6
AFG,1936,16,0,0,0,0,0
AFG,1948,25,0,0,0,0,0
AFG,1956,6,0,6,0,0,0
AFG,1960,16,0,0,0,0,0
AFG,1964,7,1,0,0,0,0
AFG,1968,4,1,0,0,0,0
AFG,1972,3,2,3,0,0,0
AFG,1980,11,0,0,0,0,0
AFG,1988,5,0,0,0,0,0
AFG,1996,2,0,0,0,0,0
AFG,2004,5,0,0,0,0,0
AFG,2008,2,2,0,0,0,0
AFG,2012,3,2,1,0,0,0
AFG,2016,3,0,0,0,0,0
AFG,2020,5,0,0,0,0,0
AFG,2024,4,3,0,0,0,0
AHO,1952,11,0,0,0,0,0
AHO,1960,5,0,0,0,0,0
AHO,1964,2,2,0,0,0,0
AHO,1968,2,2,1,0,0,0
AHO,1972,1,0,0,1,0,0
AHO,1976,4,0,0,0,0,0
AHO,1984,13,0,0,0,0,0
AHO,1988,2,2,0,0,0,0
AHO,1992,4,0,0,0,0,0
AHO,1996,4,3,0,0,0,0
AHO,2000,5,2,1,0,0,0
AHO,2004,2,1,0,0,0,0
AHO,2008,2,2,0,0,0,0
AIN,2024,46,0,0,0,0,0
ALB,1972,5,0,0,0,0,0
ALB,1992,9,0,0,0,0,0
ALB,1996,7,2,0,0,0,0
ALB,2000,2,3,0,0,0,0
ALB,2004,6,1,0,0,0,0
ALB,2008,7,4,1,0,0,0
ALB,2012,8,2,0,0,0,0
ALB,2016,4,1,1,0,0,0
ALB,2020,5,3,1,1,0,0
ALB,2024,8,0,1,0,0,0
ALG,1964,7,0,0,0,0,0
ALG,1968,9,0,0,0,0,0
ALG,1972,7,0,0,0,0,0
ALG,1980,63,0,0,0,0,0
ALG,1984,26,7,0,0,0,0
ALG,1988,32,10,3,0,0,0
ALG,1992,26,10,0,0,0,0
ALG,1996,36,7,4,0,0,0
ALG,2000,39,10,2,0,0,0
ALG,2004,44,20,6,1,0,0
ALG,2008,38,12,5,2,0,0
ALG,2012,27,10,2,0,0,0
ALG,2016,61,9,3,1,0,0
ALG,2020,34,6,4,1,0,0
ALG,2024,44,9,1,1,0,0
AND,1976,3,0,0,0,0,0
AND,1980,1,1,0,0,0,0
AND,1984,0,1,1,0,0,0
AND,1988,4,0,0,0,0,0
AND,1992,6,2,0,0,0,0
AND,1996,5,3,0,0,0,0
AND,2000,3,2,0,0,0,0
AND,2004,4,1,1,0,0,0
AND,2008,3,1,0,1,0,0
AND,2012,3,1,1,0,1,0
AND,2016,4,0,0,0,0,0
AND,2020,3,0,0,0,0,0
AND,2024,1,3,0,0,0,0
ANG,1980,17,0,0,0,0,0
ANG,1988,33,0,0,0,0,0
ANG,1992,23,10,0,0,0,0
ANG,1996,17,8,5,0,0,0
ANG,2000,16,7,5,2,0,0
ANG,2004,17,6,4,2,1,0
ANG,2008,18,9,3,2,0,1
ANG,2012,25,4,5,1,0,0
ANG,2016,15,4,3,3,1,0
ANG,2020,12,4,2,2,0,0
ANG,2024,14,5,5,1,1,0
ANT,1976,17,0,0,0,0,0
ANT,1984,27,0,0,0,0,0
ANT,1988,12,13,0,0,0,0
ANT,1992,14,3,1,0,0,0
ANT,1996,14,4,0,1,0,0
ANT,2000,0,2,2,0,0,0
ANT,2004,4,0,0,1,0,0
ANT,2008,2,2,0,1,0,0
ANT,2012,2,0,2,0,0,0
ANT,2016,8,0,0,1,0,0
ANT,2020,4,2,0,0,0,0
ANT,2024,3,1,1,0,0,0
ANZ,1908,48,0,0,0,0,0
ANZ,1912,35,3,0,0,0,0
ARG,1900,1,0,0,0,0,0
ARG,1908,1,0,0,0,0,0
ARG,1920,1,0,0,0,0,0
ARG,1924,109,0,0,0,0,0
ARG,1928,84,14,0,0,0,0
ARG,1932,38,3,4,0,0,0
ARG,1936,46,9,5,8,0,0
ARG,1948,285,0,0,6,2,2
ARG,1952,112,61,0,0,1,0
ARG,1956,37,5,2,0,0,0
ARG,1960,88,9,11,8,0,0
ARG,1964,116,18,3,3,8,0
ARG,1968,92,23,12,3,1,1
ARG,1972,85,32,4,1,1,0
ARG,1976,78,14,13,0,1,0
ARG,1984,105,0,4,6,0,0
ARG,1988,107,24,0,1,2,0
ARG,1992,80,23,3,0,1,4
ARG,1996,184,17,15,5,0,0
ARG,2000,107,43,5,4,6,0
ARG,2004,86,56,30,4,1,2
ARG,2008,91,20,22,8,2,2
ARG,2012,96,22,17,11,2,0
ARG,2016,156,50,14,9,1,2
ARG,2020,181,14,9,2,1,1
ARG,2024,105,39,7,2,0,1
ARM,1996,38,0,0,0,0,0
ARM,2000,18,8,0,0,0,0
ARM,2004,10,3,6,0,0,0
ARM,2008,19,4,2,1,0,0
ARM,2012,20,8,2,0,1,0
ARM,2016,28,4,2,0,0,0
ARM,2020,13,3,3,0,0,0
ARM,2024,8,5,1,3,0,0
ARU,1988,12,0,0,0,0,0
ARU,1992,4,1,0,0,0,0
ARU,1996,2,1,0,0,0,0
ARU,2000,5,0,0,0,0,0
ARU,2004,1,2,1,0,0,0
ARU,2008,2,0,0,0,0,0
ARU,2012,4,0,0,0,0,0
ARU,2016,6,1,0,0,0,0
ARU,2020,1,3,0,0,0,0
ARU,2024,5,0,2,0,0,0
ASA,1988,6,0,0,0,0,0
ASA,1992,1,2,0,0,0,0
ASA,1996,5,1,1,0,0,0
ASA,2000,2,1,0,1,0,0
ASA,2004,1,1,1,0,0,0
ASA,2008,4,0,0,0,0,0
ASA,2012,4,0,0,0,0,0
ASA,2016,4,0,0,0,0,0
ASA,2020,6,0,0,0,0,0
ASA,2024,1,1,0,0,0,0
AUS,1896,5,0,0,0,0,0
AUS,1900,6,0,0,0,0,0
AUS,1904,6,0,0,0,0,0
AUS,1906,10,0,0,0,0,0
AUS,1920,29,0,0,0,0,0
AUS,1924,53,6,0,0,0,0
AUS,1928,26,3,0,0,0,0
AUS,1932,12,4,2,0,0,0
AUS,1936,35,1,3,0,0,0
AUS,1948,101,0,0,2,0,0
AUS,1952,110,28,0,0,2,0
AUS,1956,377,25,9,0,0,1
AUS,1960,179,96,3,2,0,0
AUS,1964,287,63,38,4,0,0
AUS,1968,144,61,13,5,0,1
AUS,1972,206,36,17,6,1,0
AUS,1976,197,55,13,5,4,0
AUS,1980,139,41,10,0,0,0
AUS,1984,263,48,19,5,2,0
AUS,1988,253,72,6,5,3,0
AUS,1992,271,82,25,9,3,0
AUS,1996,387,116,30,15,2,0
AUS,2000,535,156,74,19,4,0
AUS,2004,336,179,62,14,6,4
AUS,2008,351,118,76,15,7,3
AUS,2012,279,154,44,27,7,3
AUS,2016,320,113,52,22,9,2
AUS,2020,440,133,37,19,7,2
AUS,2024,372,183,69,20,5,0
AUT,1896,8,0,0,0,0,0
AUT,1900,26,0,0,0,0,0
AUT,1904,4,3,0,0,0,0
AUT,1906,99,0,1,0,0,0
AUT,1908,12,0,1,0,0,0
AUT,1912,116,15,0,0,1,0
AUT,1924,53,0,0,3,0,0
AUT,1928,53,11,0,0,0,0
AUT,1932,8,4,0,0,0,0
AUT,1936,264,4,9,2,0,0
AUT,1948,166,0,0,26,1,1
AUT,1952,140,91,0,0,6,1
AUT,1956,33,16,7,0,0,1
AUT,1960,170,8,11,9,0,0
AUT,1964,50,28,3,1,0,0
AUT,1968,30,19,10,0,0,0
AUT,1972,108,13,14,7,0,1
AUT,1976,35,27,5,5,1,0
AUT,1980,73,8,6,2,1,2
AUT,1984,97,24,4,4,0,1
AUT,1988,73,12,7,2,2,0
AUT,1992,95,20,6,1,2,3
AUT,1996,59,25,6,2,0,0
AUT,2000,75,20,15,3,1,0
AUT,2004,50,24,9,6,3,0
AUT,2008,49,24,12,4,3,1
AUT,2012,39,27,12,6,3,3
AUT,2016,56,9,14,4,2,0
AUT,2020,78,14,3,4,2,2
AUT,2024,65,40,8,4,1,3
AZE,1996,24,0,0,0,0,0
AZE,2000,23,9,0,0,0,0
AZE,2004,24,9,4,0,0,0
AZE,2008,34,5,4,1,0,0
AZE,2012,44,12,0,0,3,0
AZE,2016,50,16,3,0,0,0
AZE,2020,50,4,0,1,0,0
AZE,2024,29,16,3,0,1,0
BAH,1952,7,0,0,0,0,0
BAH,1956,2,3,0,0,0,0
BAH,1960,8,2,4,0,0,0
BAH,1964,5,4,1,2,0,0
BAH,1968,15,0,3,2,2,0
BAH,1972,17,4,0,3,0,1
BAH,1976,11,6,0,0,2,0
BAH,1984,29,0,1,1,0,0
BAH,1988,11,6,0,1,0,0
BAH,1992,12,3,3,0,0,0
BAH,1996,23,6,3,4,0,0
BAH,2000,15,17,3,1,3,0
BAH,2004,9,10,6,2,1,0
BAH,2008,17,3,7,3,2,1
BAH,2012,11,11,1,3,3,0
BAH,2016,22,6,6,1,3,0
BAH,2020,11,8,2,1,0,0
BAH,2024,16,2,2,0,1,0
BAN,1984,2,0,0,0,0,0
BAN,1988,11,0,0,0,0,0
BAN,1992,6,3,0,0,0,0
BAN,1996,4,0,0,0,0,0
BAN,2000,5,0,0,1,0,0
BAN,2004,3,1,0,0,0,0
BAN,2008,4,0,1,0,0,0
BAN,2012,7,0,0,0,0,0
BAN,2016,5,2,0,0,0,0
BAN,2020,8,0,0,0,0,0
BAN,2024,5,0,0,0,0,0
BAR,1968,13,0,0,0,0,0
BAR,1972,16,4,0,0,0,0
BAR,1976,13,4,0,0,0,0
BAR,1984,24,0,1,0,0,0
BAR,1988,21,5,0,0,0,0
BAR,1992,17,5,0,0,0,0
BAR,1996,20,2,0,0,0,0
BAR,2000,16,11,1,0,0,0
BAR,2004,8,3,3,1,0,0
BAR,2008,7,3,0,0,0,0
BAR,2012,4,1,3,0,0,0
BAR,2016,11,2,0,0,0,0
BAR,2020,6,2,1,0,0,0
BAR,2024,2,2,0,0,0,0
BDI,1996,7,0,0,0,0,0
BDI,2000,3,3,0,0,0,0
BDI,2004,5,1,1,0,0,0
BDI,2008,1,2,0,0,0,0
BDI,2012,4,1,0,1,0,0
BDI,2016,5,3,1,0,1,0
BDI,2020,4,0,3,0,0,0
BDI,2024,7,1,0,0,0,0
BEL,1900,100,0,0,0,0,0
BEL,1906,29,2,0,0,0,0
BEL,1908,87,0,12,0,0,0
BEL,1912,47,22,0,2,0,0
BEL,1920,461,0,16,17,0,18
BEL,1924,129,86,0,5,8,0
BEL,1928,168,22,29,0,2,1
BEL,1932,7,3,2,0,0,0
BEL,1936,127,2,15,4,1,0
BEL,1948,146,0,0,15,4,10
BEL,1952,152,28,0,0,3,1
BEL,1956,56,22,3,0,0,1
BEL,1960,112,21,15,2,0,0
BEL,1964,39,25,4,6,0,0
BEL,1968,88,11,6,1,0,0
BEL,1972,82,20,3,1,0,0
BEL,1976,116,21,11,1,0,0
BEL,1980,51,28,4,1,0,0
BEL,1984,70,8,6,2,0,0
BEL,1988,64,14,0,7,0,0
BEL,1992,68,24,7,0,4,0
BEL,1996,46,20,12,1,0,2
BEL,2000,58,19,11,6,0,0
BEL,2004,45,11,5,8,1,0
BEL,2008,89,16,3,2,1,1
BEL,2012,97,27,11,3,0,4
BEL,2016,80,33,22,2,1,0
BEL,2020,151,23,10,1,0,0
BEL,2024,138,77,14,10,1,0
BEN,1972,3,0,0,0,0,0
BEN,1980,17,0,0,0,0,0
BEN,1984,2,1,0,0,0,0
BEN,1988,10,0,0,0,0,0
BEN,1992,7,0,0,0,0,0
BEN,1996,3,3,1,0,0,0
BEN,2000,2,0,2,0,0,0
BEN,2004,4,0,0,0,0,0
BEN,2008,2,3,0,0,0,0
BEN,2012,4,1,0,0,0,0
BEN,2016,6,0,0,0,0,0
BEN,2020,5,1,1,0,0,0
BEN,2024,3,1,1,0,0,0
BER,1936,9,0,0,0,0,0
BER,1948,28,0,0,0,0,0
BER,1952,3,9,0,0,0,0
BER,1956,3,0,0,0,0,0
BER,1960,7,2,0,0,0,0
BER,1964,4,0,0,0,0,0
BER,1968,4,2,0,0,0,0
BER,1972,8,0,1,0,0,0
BER,1976,19,0,0,1,0,0
BER,1984,12,0,1,0,0,0
BER,1988,10,4,0,0,0,0
BER,1992,26,2,1,0,0,0
BER,1996,4,3,3,0,0,0
BER,2000,3,1,2,1,0,0
BER,2004,7,0,1,2,0,0
BER,2008,5,1,0,0,0,0
BER,2012,2,5,1,0,0,0
BER,2016,6,0,2,0,0,0
BER,2020,1,0,0,1,0,0
BER,2024,6,1,0,0,1,0
BHU,1984,6,0,0,0,0,0
BHU,1988,4,2,0,0,0,0
BHU,1992,10,2,0,0,0,0
BHU,1996,1,1,0,0,0,0
BHU,2000,1,0,1,0,0,0
BHU,2004,1,1,0,0,0,0
BHU,2008,1,1,0,0,0,0
BHU,2012,2,0,0,0,0,0
BHU,2016,2,0,0,0,0,0
BHU,2020,3,1,0,0,0,0
BHU,2024,2,1,0,0,0,0
BIH,1992,13,0,0,0,0,0
BIH,1996,9,3,0,0,0,0
BIH,2000,7,3,1,0,0,0
BIH,2004,7,1,3,0,0,0
BIH,2008,3,1,0,3,0,0
BIH,2012,3,1,1,0,3,0
BIH,2016,8,1,2,0,0,0
BIH,2020,6,2,0,0,0,0
BIH,2024,2,3,1,0,0,0
BIZ,1968,7,0,0,0,0,0
BIZ,1972,2,0,0,0,0,0
BIZ,1976,2,1,1,0,0,0
BIZ,1984,13,0,0,0,0,0
BIZ,1988,11,2,0,0,0,0
BIZ,1992,15,3,0,0,0,0
BIZ,1996,3,1,0,1,0,0
BIZ,2000,2,0,0,0,0,0
BIZ,2004,1,1,0,0,0,0
BIZ,2008,3,0,1,0,0,0
BIZ,2012,3,0,0,0,0,0
BIZ,2016,3,0,0,0,0,0
BIZ,2020,4,0,0,0,0,0
BIZ,2024,0,1,0,0,0,0
BLR,1996,259,0,0,0,0,0
BLR,2000,126,105,0,0,0,0
BLR,2004,125,41,26,0,0,0
BLR,2008,144,65,17,11,0,0
BLR,2012,98,42,29,11,5,0
BLR,2016,75,27,21,10,7,2
BLR,2020,132,1,0,0,3,1
BOH,1900,9,0,0,0,0,0
BOH,1906,29,0,0,0,0,0
BOH,1908,41,0,0,0,0,0
BOH,1912,58,13,0,2,0,0
BOL,1936,1,0,0,0,0,0
BOL,1964,1,0,0,0,0,0
BOL,1968,3,1,0,0,0,0
BOL,1972,10,3,1,0,0,0
BOL,1976,3,1,1,0,0,0
BOL,1984,13,0,0,0,0,0
BOL,1988,11,1,0,0,0,0
BOL,1992,17,2,2,0,0,0
BOL,1996,8,0,1,0,0,0
BOL,2000,3,1,0,1,0,0
BOL,2004,8,1,1,0,1,0
BOL,2008,5,1,0,0,0,1
BOL,2012,5,0,0,0,0,0
BOL,2016,10,1,0,1,0,0
BOL,2020,5,0,0,0,0,0
BOL,2024,4,0,0,0,0,0
BOT,1980,8,0,0,0,0,0
BOT,1984,6,2,0,0,0,0
BOT,1988,9,1,1,0,0,0
BOT,1992,4,2,0,0,0,0
BOT,1996,6,1,0,0,0,0
BOT,2000,6,3,0,0,0,0
BOT,2004,8,3,1,0,0,0
BOT,2008,7,4,0,0,0,0
BOT,2012,3,0,1,0,0,0
BOT,2016,11,3,0,0,0,0
BOT,2020,10,2,3,0,1,0
BOT,2024,14,4,1,0,0,0
BRA,1900,3,0,0,0,0,0
BRA,1920,38,0,0,0,0,0
BRA,1924,17,0,0,0,0,0
BRA,1932,66,0,1,0,0,0
BRA,1936,76,18,0,0,0,0
BRA,1948,94,0,0,8,3,0
BRA,1952,87,27,0,0,4,1
BRA,1956,39,17,7,0,0,0
BRA,1960,64,8,8,6,0,0
BRA,1964,47,10,5,3,0,0
BRA,1968,63,14,5,3,4,0
BRA,1972,79,19,3,2,1,0
BRA,1976,68,14,6,0,1,0
BRA,1980,120,19,6,2,1,1
BRA,1984,121,58,12,3,3,0
BRA,1988,171,34,23,3,0,2
BRA,1992,159,49,16,7,2,0
BRA,1996,155,62,19,12,3,0
BRA,2000,156,42,27,9,1,1
BRA,2004,186,77,27,21,5,2
BRA,2008,190,85,48,10,5,0
BRA,2012,150,79,42,24,5,6
BRA,2016,373,90,74,26,14,6
BRA,2020,325,51,22,15,1,2
BRA,2024,197,144,33,11,13,3
BRN,1984,14,0,0,0,0,0
BRN,1988,11,5,0,0,0,0
BRN,1992,11,4,0,0,0,0
BRN,1996,5,0,0,0,0,0
BRN,2000,4,0,0,0,0,0
BRN,2004,10,0,0,0,0,0
BRN,2008,9,6,0,0,0,0
BRN,2012,11,3,0,0,0,0
BRN,2016,31,2,0,0,0,0
BRN,2020,30,2,0,1,0,0
BRN,2024,11,1,3,0,0,0
BRU,1996,1,0,0,0,0,0
BRU,2000,1,1,0,0,0,0
BRU,2004,1,0,0,0,0,0
BRU,2012,3,0,0,0,0,0
BRU,2016,3,0,0,0,0,0
BRU,2020,2,0,0,0,0,0
BRU,2024,3,0,0,0,0,0
BUL,1924,31,0,0,0,0,0
BUL,1928,5,5,0,0,0,0
BUL,1936,77,0,5,0,0,0
BUL,1952,179,0,0,0,0,0
BUL,1956,39,43,0,0,0,0
BUL,1960,122,27,34,0,0,0
BUL,1964,58,42,10,6,0,0
BUL,1968,162,17,8,1,1,0
BUL,1972,171,39,6,8,0,2
BUL,1976,202,43,6,1,2,0
BUL,1980,309,68,12,4,0,4
BUL,1988,240,0,32,7,2,0
BUL,1992,167,64,0,3,1,1
BUL,1996,99,49,29,0,1,3
BUL,2000,90,31,20,8,0,1
BUL,2004,71,28,5,12,3,0
BUL,2008,53,17,6,3,6,2
BUL,2012,55,8,7,1,1,3
BUL,2016,38,15,3,2,0,0
BUL,2020,45,8,0,2,1,0
BUL,2024,44,9,8,0,0,0
BUR,1972,1,0,0,0,0,0
BUR,1988,9,0,0,0,0,0
BUR,1992,3,1,0,0,0,0
BUR,1996,4,1,0,0,0,0
BUR,2000,4,0,0,0,0,0
BUR,2004,3,1,1,0,0,0
BUR,2008,3,2,1,0,0,0
BUR,2012,5,0,0,0,0,0
BUR,2016,3,2,0,0,0,0
BUR,2020,6,0,2,0,0,0
BUR,2024,5,2,0,1,0,0
CAF,1968,1,0,0,0,0,0
CAF,1984,3,0,0,0,0,0
CAF,1988,14,1,0,0,0,0
CAF,1992,21,0,0,0,0,0
CAF,1996,2,3,0,0,0,0
CAF,2000,2,0,1,0,0,0
CAF,2004,2,1,0,1,0,0
CAF,2008,3,0,0,0,0,0
CAF,2012,5,1,0,0,0,0
CAF,2016,3,3,0,0,0,0
CAF,2020,2,0,0,0,0,0
CAF,2024,4,0,0,0,0,0
CAM,1956,2,0,0,0,0,0
CAM,1964,15,0,0,0,0,0
CAM,1972,17,0,0,0,0,0
CAM,1996,5,0,0,0,0,0
CAM,2000,1,3,0,0,0,0
CAM,2004,3,1,0,0,0,0
CAM,2008,3,1,0,0,0,0
CAM,2012,4,2,0,0,0,0
CAM,2016,5,0,1,0,0,0
CAM,2020,3,0,0,0,0,0
CAM,2024,3,0,0,0,0,0
CAN,1900,7,0,0,0,0,0
CAN,1904,61,0,0,0,0,0
CAN,1906,4,0,0,0,0,0
CAN,1908,145,3,0,0,0,0
CAN,1912,43,15,1,0,0,0
CAN,1920,81,0,2,2,0,0
CAN,1924,67,13,0,0,3,0
CAN,1928,96,10,0,0,0,0
CAN,1932,119,25,2,0,0,0
CAN,1936,138,17,7,0,0,0
CAN,1948,161,0,0,2,0,0
CAN,1952,125,29,0,0,0,0
CAN,1956,128,17,5,0,0,0
CAN,1960,100,31,9,0,0,0
CAN,1964,172,14,5,3,0,0
CAN,1968,222,57,5,5,2,0
CAN,1972,259,65,15,1,3,1
CAN,1976,430,68,24,6,0,3
CAN,1984,524,0,40,4,2,2
CAN,1988,333,154,0,10,5,1
CAN,1992,274,118,46,0,2,5
CAN,1996,268,82,40,17,0,1
CAN,2000,288,85,34,12,3,0
CAN,2004,256,97,25,8,5,0
CAN,2008,315,85,40,4,3,2
CAN,2012,222,95,22,10,4,1
CAN,2016,278,86,35,4,0,2
CAN,2020,361,103,26,15,4,0
CAN,2024,311,144,57,22,1,3
CAY,1976,2,0,0,0,0,0
CAY,1984,14,0,0,0,0,0
CAY,1988,10,2,0,0,0,0
CAY,1992,9,1,3,0,0,0
CAY,1996,6,2,0,1,0,0
CAY,2000,1,2,1,0,0,0
CAY,2004,5,0,1,2,0,0
CAY,2008,2,3,0,1,0,0
CAY,2012,1,4,2,0,0,0
CAY,2016,3,1,1,0,0,0
CAY,2020,7,0,1,1,0,0
CAY,2024,5,0,0,0,0,0
CGO,1964,2,0,0,0,0,0
CGO,1972,8,0,0,0,0,0
CGO,1980,21,0,4,0,0,0
CGO,1984,9,3,0,1,0,0
CGO,1988,6,4,0,0,0,0
CGO,1992,9,1,0,0,0,0
CGO,1996,5,0,0,0,0,0
CGO,2000,3,2,0,0,0,0
CGO,2004,4,0,1,0,0,0
CGO,2008,4,1,0,0,0,0
CGO,2012,5,1,1,0,0,0
CGO,2016,8,1,1,0,0,0
CGO,2020,2,1,0,0,0,0
CGO,2024,2,1,0,1,0,0
CHA,1964,2,0,0,0,0,0
CHA,1968,1,3,0,0,0,0
CHA,1972,4,1,0,0,0,0
CHA,1984,3,0,0,0,0,0
CHA,1988,6,0,0,0,0,0
CHA,1992,5,2,0,0,0,0
CHA,1996,3,1,0,0,0,0
CHA,2000,1,2,0,0,0,0
CHA,2004,0,0,1,0,0,0
CHA,2008,1,0,1,0,0,0
CHA,2012,1,1,0,0,0,0
CHA,2016,2,0,0,0,0,0
CHA,2020,2,1,0,0,0,0
CHA,2024,2,1,0,0,0,0
CHI,1912,28,0,0,0,0,0
CHI,1920,2,0,0,0,0,0
CHI,1924,18,0,0,0,0,0
CHI,1928,42,4,0,0,0,0
CHI,1936,50,0,6,0,0,0
CHI,1948,69,0,0,3,0,0
CHI,1952,66,15,0,0,1,0
CHI,1956,28,7,8,0,0,0
CHI,1960,6,3,0,0,0,0
CHI,1964,14,2,0,0,0,0
CHI,1968,21,3,1,0,0,0
CHI,1972,10,1,2,0,0,0
CHI,1976,6,3,0,0,0,0
CHI,1984,60,0,2,0,0,2
CHI,1988,15,8,0,0,0,0
CHI,1992,9,2,4,0,0,0
CHI,1996,19,4,0,1,0,0
CHI,2000,48,4,4,2,0,0
CHI,2004,16,7,6,0,0,0
CHI,2008,14,9,3,3,0,0
CHI,2012,28,4,4,4,4,0
CHI,2016,27,14,1,3,0,2
CHI,2020,63,0,0,0,0,0
CHI,2024,30,22,0,0,0,0
CHN,1932,2,0,0,0,0,0
CHN,1936,62,3,0,0,0,0
CHN,1948,27,0,0,1,0,0
CHN,1952,0,1,0,0,0,0
CHN,1984,323,0,0,0,0,0
CHN,1988,334,93,0,0,0,0
CHN,1992,291,89,14,0,0,0
CHN,1996,338,69,22,9,0,0
CHN,2000,279,100,22,11,2,0
CHN,2004,358,95,31,6,20,8
CHN,2008,481,152,57,19,12,9
CHN,2012,269,147,44,9,8,2
CHN,2016,330,95,48,23,0,3
CHN,2020,571,0,1,1,0,1
CHN,2024,318,264,2,1,0,2
CIV,1964,10,0,0,0,0,0
CIV,1968,6,5,0,0,0,0
CIV,1972,8,3,2,0,0,0
CIV,1976,8,3,0,0,0,0
CIV,1984,13,0,4,0,1,0
CIV,1988,22,6,0,1,0,0
CIV,1992,17,1,0,0,0,0
CIV,1996,8,4,1,0,0,0
CIV,2000,10,5,3,0,0,0
CIV,2004,2,2,1,0,0,0
CIV,2008,17,1,2,0,2,0
CIV,2012,9,1,0,0,0,0
CIV,2016,10,5,0,0,0,0
CIV,2020,31,0,1,0,0,0
CIV,2024,11,6,0,1,0,0
CMR,1964,2,0,0,0,0,0
CMR,1968,5,0,0,0,0,0
CMR,1972,16,2,0,0,0,0
CMR,1976,2,2,0,0,0,0
CMR,1980,24,0,5,0,0,0
CMR,1984,44,10,0,2,0,0
CMR,1988,16,4,1,0,0,0
CMR,1992,10,2,0,0,0,0
CMR,1996,15,4,0,0,0,0
CMR,2000,35,2,2,0,0,0
CMR,2004,14,5,0,0,0,0
CMR,2008,28,2,1,0,1,0
CMR,2012,27,4,1,0,0,0
CMR,2016,19,0,2,1,0,0
CMR,2020,11,0,1,0,0,0
CMR,2024,4,1,0,1,0,0
COD,1968,8,0,0,0,0,0
COD,1984,9,0,0,0,0,0
COD,1988,19,2,0,0,0,0
COD,1992,14,4,1,0,0,0
COD,1996,12,1,1,0,0,0
COD,2000,2,0,1,0,0,0
COD,2004,6,0,0,0,0,0
COD,2008,4,1,0,0,0,0
COD,2012,4,0,0,0,0,0
COD,2016,4,0,0,0,0,0
COD,2020,7,0,0,0,0,0
COD,2024,5,1,0,0,0,0
COK,1988,8,0,0,0,0,0
COK,1992,2,0,0,0,0,0
COK,1996,1,2,0,0,0,0
COK,2000,1,1,0,0,0,0
COK,2004,2,0,0,1,0,0
COK,2008,3,1,0,0,0,0
COK,2012,9,0,0,0,0,0
COK,2016,6,3,0,0,0,0
COK,2020,8,1,0,0,0,0
COK,2024,1,0,1,0,0,0
COL,1900,1,0,0,0,0,0
COL,1932,1,0,0,0,0,0
COL,1936,6,0,0,0,0,0
COL,1948,11,0,0,0,0,0
COL,1956,41,0,6,0,0,0
COL,1960,15,8,0,0,0,0
COL,1964,32,3,5,0,0,0
COL,1968,56,13,1,0,0,0
COL,1972,63,10,2,0,0,0
COL,1976,29,7,8,0,0,0
COL,1980,22,4,2,0,0,0
COL,1984,41,3,1,3,0,0
COL,1988,45,8,2,1,1,0
COL,1992,48,6,5,0,0,2
COL,1996,44,7,6,5,0,0
COL,2000,36,13,2,3,0,0
COL,2004,45,21,5,0,0,0
COL,2008,55,24,10,1,0,0
COL,2012,80,21,15,3,1,0
COL,2016,104,32,14,5,1,1
COL,2020,77,0,0,0,0,0
COL,2024,88,17,0,0,0,0
COM,1996,4,0,0,0,0,0
COM,2000,1,1,0,0,0,0
COM,2004,2,0,1,0,0,0
COM,2008,3,0,0,0,0,0
COM,2012,2,1,0,0,0,0
COM,2016,3,1,0,0,0,0
COM,2020,3,0,0,0,0,0
COM,2024,5,0,0,0,0,0
CPV,1996,3,0,0,0,0,0
CPV,2000,0,2,0,0,0,0
CPV,2004,2,0,1,0,0,0
CPV,2008,1,1,0,0,0,0
CPV,2012,3,0,0,0,0,0
CPV,2016,4,1,0,0,0,0
CPV,2020,5,1,0,0,0,0
CPV,2024,6,1,0,0,0,0
CRC,1936,1,0,0,0,0,0
CRC,1964,2,0,0,0,0,0
CRC,1968,27,0,0,0,0,0
CRC,1972,1,3,0,0,0,0
CRC,1976,8,0,2,0,0,0
CRC,1980,31,5,0,1,0,0
CRC,1984,22,10,0,0,0,0
CRC,1988,31,1,1,0,0,0
CRC,1992,16,3,0,1,0,0
CRC,1996,9,3,1,0,0,0
CRC,2000,4,4,1,0,0,0
CRC,2004,18,1,2,0,0,0
CRC,2008,7,1,0,0,0,0
CRC,2012,8,3,0,0,0,0
CRC,2016,6,4,2,0,0,0
CRC,2020,18,0,0,0,0,0
CRC,2024,3,2,1,0,0,0
CRO,1992,46,0,0,0,0,0
CRO,1996,95,22,0,0,0,0
CRO,2000,67,34,7,0,0,0
CRO,2004,52,26,16,6,0,0
CRO,2008,78,19,16,10,2,0
CRO,2012,72,30,10,3,2,1
CRO,2016,50,17,23,2,1,0
CRO,2020,69,2,3,0,0,0
CRO,2024,45,36,1,2,1,0
CRT,1906,11,0,0,0,0,0
CUB,1900,2,0,0,0,0,0
CUB,1904,3,3,0,0,0,0
CUB,1924,13,0,0,0,0,0
CUB,1928,1,0,0,0,0,0
CUB,1948,112,0,0,0,0,0
CUB,1952,23,34,0,0,0,0
CUB,1956,14,2,8,0,0,0
CUB,1960,17,1,2,1,0,0
CUB,1964,75,1,0,0,0,0
CUB,1968,198,25,2,2,0,0
CUB,1972,135,65,1,0,0,0
CUB,1976,104,64,26,0,0,0
CUB,1980,198,44,37,9,0,0
CUB,1992,189,0,0,7,0,0
CUB,1996,93,82,0,0,3,0
CUB,2000,177,46,46,0,0,2
CUB,2004,107,49,14,7,0,0
CUB,2008,105,40,21,4,1,0
CUB,2012,68,36,8,6,0,0
CUB,2016,100,21,15,6,1,0
CUB,2020,82,0,0,0,0,0
CUB,2024,39,30,0,0,0,0
CYP,1980,15,0,0,0,0,0
CYP,1984,11,1,0,0,0,0
CYP,1988,8,1,2,0,0,0
CYP,1992,16,3,0,0,0,0
CYP,1996,17,7,0,0,0,0
CYP,2000,14,7,3,0,0,0
CYP,2004,12,6,2,1,0,0
CYP,2008,9,5,3,0,1,0
CYP,2012,5,2,3,2,1,0
CYP,2016,15,1,3,2,0,0
CYP,2020,11,9,1,2,0,0
CYP,2024,8,4,10,0,1,0
CZE,1996,169,0,0,0,0,0
CZE,2000,110,52,0,0,0,0
CZE,2004,103,36,32,0,0,0
CZE,2008,84,52,13,9,0,0
CZE,2012,78,48,23,5,5,0
CZE,2016,53,49,20,9,1,3
CZE,2020,136,11,4,0,0,0
CZE,2024,90,54,3,2,0,0
DEN,1896,15,0,0,0,0,0
DEN,1900,30,6,0,0,0,0
DEN,1906,68,0,0,0,0,0
DEN,1908,104,0,3,0,0,0
DEN,1912,168,54,0,11,0,0
DEN,1920,183,0,22,26,0,15
DEN,1924,88,30,0,5,7,0
DEN,1928,68,19,5,0,3,7
DEN,1932,45,4,0,0,0,0
DEN,1936,143,9,10,0,6,0
DEN,1948,228,0,0,12,5,2
DEN,1952,112,81,0,0,8,0
DEN,1956,32,10,8,0,0,1
DEN,1960,96,3,5,5,0,0
DEN,1964,54,11,1,0,5,0
DEN,1968,65,16,7,0,1,4
DEN,1972,127,16,6,4,0,2
DEN,1976,45,25,5,3,3,0
DEN,1980,41,8,8,1,0,2
DEN,1984,54,16,3,1,0,0
DEN,1988,105,18,5,2,0,0
DEN,1992,92,36,10,2,3,1
DEN,1996,97,36,9,2,0,1
DEN,2000,65,34,14,9,1,1
DEN,2004,65,30,13,4,3,0
DEN,2008,80,15,7,1,3,2
DEN,2012,97,33,12,4,3,0
DEN,2016,79,39,16,7,0,2
DEN,2020,115,15,5,3,0,0
DEN,2024,120,27,10,1,3,0
DJI,1984,3,0,0,0,0,0
DJI,1988,5,1,0,0,0,0
DJI,1992,5,2,1,0,0,0
DJI,1996,2,0,2,1,0,0
DJI,2000,1,0,1,0,0,0
DJI,2008,2,0,0,0,0,0
DJI,2012,4,0,0,0,0,0
DJI,2016,7,1,0,0,0,0
DJI,2020,5,0,0,0,0,0
DJI,2024,7,0,0,0,0,0
DMA,1996,6,0,0,0,0,0
DMA,2000,4,0,0,0,0,0
DMA,2004,2,0,0,0,0,0
DMA,2008,1,1,0,0,0,0
DMA,2012,1,1,0,0,0,0
DMA,2016,2,0,0,0,0,0
DMA,2020,1,1,0,0,0,0
DMA,2024,2,1,1,0,0,0
DOM,1964,1,0,0,0,0,0
DOM,1968,22,2,0,0,0,0
DOM,1972,3,2,0,0,0,0
DOM,1976,11,0,0,0,0,0
DOM,1980,7,0,0,0,0,0
DOM,1984,21,1,2,0,0,0
DOM,1988,16,2,0,0,0,0
DOM,1992,31,1,0,0,0,0
DOM,1996,14,1,1,0,0,0
DOM,2000,10,2,1,0,0,0
DOM,2004,25,6,2,0,0,0
DOM,2008,17,7,3,0,0,0
DOM,2012,26,3,5,2,0,0
DOM,2016,22,6,2,0,0,0
DOM,2020,68,0,1,0,0,0
DOM,2024,48,15,0,1,0,0
ECU,1924,4,0,0,0,0,0
ECU,1968,41,0,0,0,0,0
ECU,1972,4,0,0,0,0,0
ECU,1976,3,4,1,0,0,0
ECU,1980,16,0,0,0,0,0
ECU,1984,14,1,0,0,0,0
ECU,1988,12,2,1,0,0,0
ECU,1992,10,3,2,0,0,0
ECU,1996,25,2,1,0,0,0
ECU,2000,4,5,2,0,0,0
ECU,2004,10,3,3,2,0,0
ECU,2008,16,6,2,1,1,0
ECU,2012,30,3,3,0,0,0
ECU,2016,20,15,2,3,0,0
ECU,2020,50,1,1,0,0,0
ECU,2024,22,25,0,0,0,0
EGY,1906,5,0,0,0,0,0
EGY,1920,22,0,0,0,0,0
EGY,1924,17,10,0,0,0,0
EGY,1928,33,8,2,0,0,0
EGY,1936,59,0,6,1,0,0
EGY,1948,154,0,0,11,0,1
EGY,1952,131,59,0,0,6,0
EGY,1956,2,4,0,0,0,0
EGY,1964,75,0,0,0,8,0
EGY,1968,23,12,0,0,0,0
EGY,1972,23,2,0,0,0,1
EGY,1976,20,6,0,0,0,0
EGY,1984,144,0,1,1,0,2
EGY,1988,41,18,0,0,0,0
EGY,1992,67,12,4,0,0,0
EGY,1996,18,13,1,1,0,0
EGY,2000,80,10,9,3,1,0
EGY,2004,78,17,5,2,2,0
EGY,2008,86,16,12,2,0,0
EGY,2012,93,24,9,5,1,0
EGY,2016,95,20,14,7,1,0
EGY,2020,161,14,15,4,1,0
EGY,2024,144,39,11,9,3,1
EOR,2020,35,0,0,0,0,0
EOR,2024,34,10,0,0,0,0
ERI,2000,3,0,0,0,0,0
ERI,2004,3,2,0,0,0,0
ERI,2008,8,1,2,0,0,0
ERI,2012,8,2,1,1,0,0
ERI,2016,6,4,0,1,1,0
ERI,2020,11,3,0,0,0,0
ERI,2024,9,2,1,0,0,0
ESA,1968,104,0,0,0,0,0
ESA,1972,12,6,0,0,0,0
ESA,1984,15,0,0,0,0,0
ESA,1988,3,4,0,0,0,0
ESA,1992,5,0,1,0,0,0
ESA,1996,9,0,0,1,0,0
ESA,2000,7,3,0,0,0,0
ESA,2004,8,1,0,0,0,0
ESA,2008,7,4,3,0,0,0
ESA,2012,9,1,1,0,0,0
ESA,2016,9,1,0,0,0,0
ESA,2020,7,0,0,0,0,0
ESA,2024,7,2,0,0,0,0
ESP,1900,12,0,0,0,0,0
ESP,1920,111,0,0,0,0,0
ESP,1924,130,20,0,0,0,0
ESP,1928,80,22,4,0,0,0
ESP,1932,5,0,1,1,0,0
ESP,1948,82,0,0,0,0,1
ESP,1952,32,10,0,0,0,0
ESP,1956,10,0,2,0,0,0
ESP,1960,227,3,4,4,0,0
ESP,1964,41,24,2,0,0,0
ESP,1968,110,11,14,0,0,2
ESP,1972,126,25,2,8,0,1
ESP,1976,117,27,16,0,0,0
ESP,1980,148,39,16,4,0,4
ESP,1984,169,59,12,13,4,0
ESP,1988,226,54,28,4,3,2
ESP,1992,374,109,34,11,2,7
ESP,1996,232,84,47,15,5,1
ESP,2000,285,64,54,16,11,1
ESP,2004,246,105,41,26,4,1
ESP,2008,196,94,39,15,11,0
ESP,2012,204,78,39,9,5,4
ESP,2016,213,74,43,23,8,2
ESP,2020,426,2,0,0,0,1
ESP,2024,308,216,2,0,0,0
EST,1920,20,0,0,0,0,0
EST,1924,40,7,0,0,0,0
EST,1928,14,7,2,0,0,0
EST,1932,1,0,2,0,0,0
EST,1936,34,0,1,1,0,0
EST,1992,46,0,0,0,0,0
EST,1996,30,22,0,0,0,0
EST,2000,15,12,14,0,0,0
EST,2004,27,9,6,3,0,0
EST,2008,32,15,2,3,1,0
EST,2012,18,11,5,1,1,0
EST,2016,29,7,9,3,1,0
EST,2020,24,10,1,7,0,0
EST,2024,9,12,2,2,1,0
ETH,1956,30,0,0,0,0,0
ETH,1960,11,4,0,0,0,0
ETH,1964,16,1,2,0,0,0
ETH,1968,12,9,2,3,0,0
ETH,1972,29,5,5,0,1,0
ETH,1980,42,0,6,0,0,0
ETH,1992,24,0,0,0,0,0
ETH,1996,15,4,0,0,0,0
ETH,2000,17,8,2,0,0,0
ETH,2004,21,3,2,1,0,0
ETH,2008,18,8,0,3,0,0
ETH,2012,22,6,5,1,0,0
ETH,2016,26,9,2,1,0,0
ETH,2020,35,3,0,0,0,0
ETH,2024,21,13,1,0,0,0
EUN,1992,650,0,0,0,0,0
FIJ,1956,5,0,0,0,0,0
FIJ,1960,2,1,0,0,0,0
FIJ,1968,1,0,0,0,0,0
FIJ,1972,4,0,0,0,0,0
FIJ,1976,5,0,0,0,0,0
FIJ,1984,24,0,2,0,0,0
FIJ,1988,26,15,0,0,0,0
FIJ,1992,23,4,9,0,0,0
FIJ,1996,18,2,0,1,0,0
FIJ,2000,1,3,4,0,1,0
FIJ,2004,6,0,1,2,0,0
FIJ,2008,2,3,0,0,1,0
FIJ,2012,7,0,2,0,0,0
FIJ,2016,47,4,0,2,0,0
FIJ,2020,26,6,0,0,0,0
FIJ,2024,26,9,1,0,0,0
FIN,1906,18,0,0,0,0,0
FIN,1908,94,0,0,0,0,0
FIN,1912,199,34,0,0,0,0
FIN,1920,76,0,33,27,0,0
FIN,1924,187,35,0,16,14,0
FIN,1928,97,25,10,0,0,0
FIN,1932,37,23,3,2,0,1
FIN,1936,117,34,29,4,1,0
FIN,1948,179,0,0,12,8,9
FIN,1952,333,78,0,0,1,0
FIN,1956,92,52,3,0,0,0
FIN,1960,152,38,28,1,0,0
FIN,1964,87,43,13,7,1,0
FIN,1968,89,31,4,1,1,0
FIN,1972,92,26,11,4,0,0
FIN,1976,66,37,3,2,0,0
FIN,1980,87,24,11,2,0,1
FIN,1984,64,29,11,3,0,0
FIN,1988,63,21,14,3,0,0
FIN,1992,91,26,7,5,1,0
FIN,1996,49,38,10,4,3,1
FIN,2000,57,19,9,3,0,0
FIN,2004,33,18,10,2,4,0
FIN,2008,53,8,6,1,0,2
FIN,2012,37,18,7,7,0,0
FIN,2016,40,17,7,2,1,0
FIN,2020,41,4,2,2,0,0
FIN,2024,36,21,2,3,0,0
FRA,1896,26,0,0,0,0,0
FRA,1900,1068,3,0,0,0,0
FRA,1904,2,0,0,0,0,0
FRA,1906,129,45,0,0,0,0
FRA,1908,290,0,29,0,0,0
FRA,1912,167,48,0,7,0,0
FRA,1920,363,0,20,43,0,25
FRA,1924,353,101,0,11,7,0
FRA,1928,260,45,27,0,2,0
FRA,1932,58,19,9,5,0,0
FRA,1936,246,23,31,2,1,0
FRA,1948,358,0,0,30,9,1
FRA,1952,253,148,0,0,2,5
FRA,1956,134,47,42,0,0,4
FRA,1960,268,52,19,24,0,0
FRA,1964,135,57,14,6,2,0
FRA,1968,222,66,15,6,2,0
FRA,1972,257,66,27,2,4,0
FRA,1976,204,72,17,8,0,1
FRA,1980,125,64,11,0,0,0
FRA,1984,275,40,34,3,2,0
FRA,1988,309,86,10,6,2,0
FRA,1992,301,112,61,6,4,2
FRA,1996,301,99,33,18,0,2
FRA,2000,304,96,45,18,7,0
FRA,2004,291,124,27,13,2,4
FRA,2008,279,103,57,4,5,0
FRA,2012,265,93,46,18,1,3
FRA,2016,323,118,49,18,2,2
FRA,2020,417,72,40,6,1,2
FRA,2024,485,234,57,21,3,1
FRG,1968,432,0,0,0,0,0
FRG,1972,443,144,0,0,0,0
FRG,1976,298,131,23,0,0,0
FRG,1984,508,0,47,12,4,0
FRG,1988,348,153,0,12,1,2
FSM,2000,5,0,0,0,0,0
FSM,2004,3,2,0,0,0,0
FSM,2008,4,0,1,0,0,0
FSM,2012,2,2,1,1,0,0
FSM,2016,4,0,1,0,0,0
FSM,2020,3,0,0,0,0,0
FSM,2024,1,2,0,0,0,0
GAB,1972,1,0,0,0,0,0
GAB,1984,4,0,0,0,0,0
GAB,1988,1,1,0,0,0,0
GAB,1992,5,0,0,0,0,0
GAB,1996,7,2,0,0,0,0
GAB,2000,3,2,1,0,0,0
GAB,2004,4,0,0,1,0,0
GAB,2008,3,1,0,0,0,0
GAB,2012,19,1,1,0,0,0
GAB,2016,3,1,1,1,0,0
GAB,2020,5,0,0,0,0,0
GAB,2024,5,0,0,0,0,0
GAM,1984,16,0,0,0,0,0
GAM,1988,4,2,0,0,0,0
GAM,1992,6,1,1,0,0,0
GAM,1996,8,1,0,3,0,0
GAM,2000,0,2,0,0,0,0
GAM,2004,2,0,1,0,0,0
GAM,2008,3,0,0,0,0,0
GAM,2012,1,1,0,0,0,0
GAM,2016,4,0,0,0,0,0
GAM,2020,2,3,0,0,0,0
GAM,2024,7,0,1,0,0,0
GBR,1896,25,0,0,0,0,0
GBR,1900,144,2,0,0,0,0
GBR,1904,6,0,0,0,0,0
GBR,1906,95,7,11,0,0,0
GBR,1908,964,0,8,0,0,0
GBR,1912,320,138,0,0,0,0
GBR,1920,261,0,32,51,0,0
GBR,1924,310,70,0,9,23,0
GBR,1928,182,51,15,0,4,20
GBR,1932,81,18,6,1,0,0
GBR,1936,203,28,13,5,1,0
GBR,1948,394,0,0,20,2,1
GBR,1952,288,107,0,0,6,0
GBR,1956,182,75,25,0,0,1
GBR,1960,274,57,45,13,0,0
GBR,1964,205,74,18,4,0,0
GBR,1968,256,46,18,7,1,0
GBR,1972,325,73,26,5,3,1
GBR,1976,243,81,18,6,0,5
GBR,1980,227,80,18,2,0,1
GBR,1984,369,105,22,9,4,0
GBR,1988,295,131,29,6,9,2
GBR,1992,333,106,61,7,4,1
GBR,1996,224,99,39,25,2,2
GBR,2000,254,100,37,12,12,0
GBR,2004,208,93,42,13,4,0
GBR,2008,274,89,39,9,6,3
GBR,2012,460,136,50,24,5,9
GBR,2016,269,125,62,11,9,2
GBR,2020,416,81,40,9,2,0
GBR,2024,287,172,46,20,7,1
GBS,1996,3,0,0,0,0,0
GBS,2000,1,2,0,0,0,0
GBS,2004,2,1,0,0,0,0
GBS,2008,3,0,0,0,0,0
GBS,2012,2,2,0,0,0,0
GBS,2016,3,0,2,0,0,0
GBS,2020,3,0,0,1,0,0
GBS,2024,4,2,0,0,0,0
GDR,1968,346,0,0,0,0,0
GDR,1972,343,111,0,0,0,0
GDR,1976,307,90,10,0,0,0
GDR,1980,343,130,19,3,0,0
GDR,1988,369,0,27,6,0,0
GEO,1996,42,0,0,0,0,0
GEO,2000,29,18,0,0,0,0
GEO,2004,18,11,10,0,0,0
GEO,2008,19,11,3,5,0,0
GEO,2012,27,4,2,1,2,0
GEO,2016,30,7,2,2,2,2
GEO,2020,26,9,1,0,0,0
GEO,2024,17,12,6,2,1,0
GEQ,1984,5,0,0,0,0,0
GEQ,1988,4,3,0,0,0,0
GEQ,1992,6,1,1,0,0,0
GEQ,1996,5,0,1,2,0,0
GEQ,2000,4,0,0,0,0,0
GEQ,2004,2,0,0,0,0,0
GEQ,2008,2,1,0,0,0,0
GEQ,2012,2,0,0,0,0,0
GEQ,2016,0,1,0,0,0,0
GEQ,2020,3,0,0,0,0,0
GEQ,2024,3,0,0,0,0,0
GER,1896,94,0,0,0,0,0
GER,1900,100,3,0,0,0,0
GER,1904,52,3,0,0,0,0
GER,1906,154,2,1,0,0,0
GER,1908,147,1,0,0,0,0
GER,1912,271,37,0,2,0,0
GER,1928,256,0,0,0,5,2
GER,1932,76,41,0,0,0,0
GER,1936,404,18,26,0,0,0
GER,1952,344,0,0,0,21,0
GER,1956,168,90,0,0,0,3
GER,1960,373,42,10,0,0,0
GER,1964,323,140,13,2,0,0
GER,1992,653,0,0,0,0,0
GER,1996,363,263,0,0,0,0
GER,2000,319,138,110,0,0,0
GER,2004,337,143,61,51,0,0
GER,2008,335,125,62,24,12,0
GER,2012,284,129,58,28,9,2
GER,2016,318,128,64,18,8,0
GER,2020,406,103,59,22,3,4
GER,2024,403,173,44,18,9,0
GHA,1952,9,0,0,0,0,0
GHA,1960,15,0,0,0,0,0
GHA,1964,34,6,0,0,0,0
GHA,1968,23,9,4,0,0,0
GHA,1972,25,9,5,2,0,0
GHA,1984,27,0,0,0,0,0
GHA,1988,18,3,0,0,0,0
GHA,1992,31,9,1,0,0,0
GHA,1996,32,3,3,2,0,0
GHA,2000,18,9,0,1,0,0
GHA,2004,19,4,6,0,0,0
GHA,2008,7,0,1,1,0,0
GHA,2012,5,0,1,1,0,0
GHA,2016,15,0,0,0,0,0
GHA,2020,14,2,0,0,0,0
GHA,2024,10,1,0,0,0,0
GRE,1896,148,0,0,0,0,0
GRE,1900,1,3,0,0,0,0
GRE,1904,17,0,0,0,0,0
GRE,1906,438,0,46,0,0,0
GRE,1908,31,4,0,14,0,0
GRE,1912,18,30,0,0,29,0
GRE,1920,85,0,3,10,0,0
GRE,1924,44,25,0,8,0,0
GRE,1928,29,7,5,0,3,3
GRE,1932,9,5,2,0,0,0
GRE,1936,54,2,6,0,0,0
GRE,1948,79,0,0,10,0,3
GRE,1952,36,14,0,0,4,0
GRE,1956,11,3,2,0,0,0
GRE,1960,51,4,3,1,0,0
GRE,1964,10,7,2,0,0,0
GRE,1968,33,6,5,0,0,0
GRE,1972,48,13,4,1,0,0
GRE,1976,25,8,4,2,1,0
GRE,1980,35,5,4,1,0,0
GRE,1984,48,18,3,3,1,0
GRE,1988,52,12,5,2,1,0
GRE,1992,52,9,13,1,1,0
GRE,1996,151,17,7,4,0,1
GRE,2000,113,43,10,5,4,0
GRE,2004,388,63,36,10,0,2
GRE,2008,71,73,21,9,2,0
GRE,2012,67,13,17,12,6,0
GRE,2016,55,35,5,4,4,1
GRE,2020,66,18,12,2,1,1
GRE,2024,70,31,11,12,1,1
GRN,1984,6,0,0,0,0,0
GRN,1988,6,1,0,0,0,0
GRN,1992,5,0,0,0,0,0
GRN,1996,5,0,0,0,0,0
GRN,2000,3,0,0,0,0,0
GRN,2004,3,1,1,0,0,0
GRN,2008,7,1,0,1,0,0
GRN,2012,7,1,0,0,0,0
GRN,2016,4,2,0,0,0,0
GRN,2020,4,1,1,0,0,0
GRN,2024,3,1,1,1,0,0
GUA,1952,35,0,0,0,0,0
GUA,1968,66,0,0,0,1,0
GUA,1972,5,6,0,0,0,0
GUA,1976,26,0,2,0,0,0
GUA,1980,5,5,0,0,0,0
GUA,1984,46,2,5,0,0,0
GUA,1988,31,3,0,3,0,0
GUA,1992,38,0,2,0,1,0
GUA,1996,23,4,0,0,0,1
GUA,2000,11,5,2,0,0,0
GUA,2004,13,3,3,0,0,0
GUA,2008,7,4,0,2,0,0
GUA,2012,18,3,1,0,0,2
GUA,2016,13,9,2,1,0,0
GUA,2020,24,0,0,0,0,0
GUA,2024,10,6,0,0,0,0
GUI,1968,15,0,0,0,0,0
GUI,1980,10,0,0,0,0,0
GUI,1984,0,1,0,0,0,0
GUI,1988,5,0,2,0,0,0
GUI,1992,10,0,0,1,0,0
GUI,1996,3,1,1,0,0,0
GUI,2000,4,2,0,0,0,0
GUI,2004,4,0,0,0,0,0
GUI,2008,4,1,0,0,0,0
GUI,2012,4,0,0,0,0,0
GUI,2016,5,0,0,0,0,0
GUI,2020,5,0,0,0,0,0
GUI,2024,25,0,0,0,0,0
GUM,1988,26,0,0,0,0,0
GUM,1992,38,7,0,0,0,0
GUM,1996,7,0,2,0,0,0
GUM,2000,5,1,1,0,0,0
GUM,2004,3,1,0,0,0,0
GUM,2008,7,0,0,0,0,0
GUM,2012,3,4,0,1,0,0
GUM,2016,3,2,0,0,0,0
GUM,2020,5,0,0,0,0,0
GUM,2024,6,3,0,0,0,0
GUY,1948,7,0,0,0,0,0
GUY,1952,1,0,0,0,0,0
GUY,1956,6,0,0,0,0,0
GUY,1960,6,0,0,0,0,0
GUY,1964,1,0,0,0,0,0
GUY,1968,6,0,0,0,0,0
GUY,1972,4,0,0,0,0,0
GUY,1980,10,0,0,0,0,0
GUY,1984,10,2,0,0,0,0
GUY,1988,7,1,0,0,0,0
GUY,1992,5,0,2,0,0,0
GUY,1996,9,0,0,0,0,0
GUY,2000,3,1,0,0,0,0
GUY,2004,3,1,0,0,0,0
GUY,2008,2,1,1,0,0,0
GUY,2012,4,1,0,1,0,0
GUY,2016,6,1,0,0,0,0
GUY,2020,6,1,0,0,0,0
GUY,2024,2,2,1,0,0,0
HAI,1900,4,0,0,0,0,0
HAI,1924,16,0,0,0,0,0
HAI,1928,0,3,0,0,0,0
HAI,1932,0,0,2,0,0,0
HAI,1960,1,0,0,0,0,0
HAI,1972,7,0,0,0,0,0
HAI,1976,14,0,0,0,0,0
HAI,1984,2,0,1,0,0,0
HAI,1988,4,0,0,1,0,0
HAI,1992,5,2,0,0,1,0
HAI,1996,6,0,1,0,0,0
HAI,2000,5,0,0,0,0,0
HAI,2004,5,3,0,0,0,0
HAI,2008,4,1,2,0,0,0
HAI,2012,4,0,1,0,0,0
HAI,2016,9,1,0,0,0,0
HAI,2020,5,1,0,0,0,0
HAI,2024,12,0,0,0,0,0
HKG,1952,9,0,0,0,0,0
HKG,1956,2,2,0,0,0,0
HKG,1960,3,0,1,0,0,0
HKG,1964,46,4,0,0,0,0
HKG,1968,16,8,1,0,0,0
HKG,1972,14,3,0,1,0,0
HKG,1976,40,7,0,2,1,0
HKG,1984,80,0,6,0,0,1
HKG,1988,70,21,0,0,0,0
HKG,1992,41,21,2,0,2,0
HKG,1996,18,5,6,1,0,2
HKG,2000,37,4,4,0,1,0
HKG,2004,25,13,2,2,0,0
HKG,2008,21,19,5,1,0,1
HKG,2012,40,7,6,1,1,0
HKG,2016,33,9,3,2,0,0
HKG,2020,65,0,0,0,0,0
HKG,2024,26,25,0,0,0,0
HON,1968,6,0,0,0,0,0
HON,1976,3,0,0,0,0,0
HON,1984,25,0,1,0,0,0
HON,1988,17,0,0,1,0,0
HON,1992,16,11,0,0,0,0
HON,1996,6,0,1,0,0,0
HON,2000,20,0,0,0,0,0
HON,2004,5,0,0,0,0,0
HON,2008,26,0,0,0,0,0
HON,2012,24,1,0,0,0,0
HON,2016,18,3,2,0,0,0
HON,2020,27,1,0,0,0,0
HON,2024,2,2,0,0,0,0
HUN,1896,18,0,0,0,0,0
HUN,1900,33,1,0,0,0,0
HUN,1904,5,4,0,0,0,0
HUN,1906,89,7,3,0,0,0
HUN,1908,105,0,2,0,0,0
HUN,1912,156,51,0,0,0,0
HUN,1924,111,0,0,21,6,0
HUN,1928,135,25,0,0,19,2
HUN,1932,40,32,8,0,0,0
HUN,1936,280,22,24,2,0,0
HUN,1948,176,0,0,40,3,1
HUN,1952,189,132,0,0,21,3
HUN,1956,97,53,43,0,0,4
HUN,1960,253,19,23,17,0,0
HUN,1964,200,103,11,4,1,0
HUN,1968,188,69,38,4,2,2
HUN,1972,255,69,26,15,1,1
HUN,1976,174,83,22,4,5,0
HUN,1980,242,85,48,8,4,5
HUN,1988,273,0,33,3,4,2
HUN,1992,232,100,0,16,0,3
HUN,1996,170,90,52,0,3,0
HUN,2000,126,56,41,14,0,1
HUN,2004,145,62,30,16,5,0
HUN,2008,91,68,35,14,8,0
HUN,2012,82,42,50,21,6,0
HUN,2016,80,51,34,25,9,5
HUN,2020,221,5,5,5,1,0
HUN,2024,146,104,3,2,0,0
INA,1952,3,0,0,0,0,0
INA,1956,24,0,0,0,0,0
INA,1960,26,1,0,0,0,0
INA,1968,6,0,0,0,0,0
INA,1972,6,1,0,0,0,0
INA,1976,9,2,0,0,0,0
INA,1984,22,0,1,0,0,0
INA,1988,41,2,0,0,0,0
INA,1992,44,7,0,0,0,0
INA,1996,29,10,6,0,0,0
INA,2000,36,11,4,3,0,0
INA,2004,29,6,4,0,0,0
INA,2008,13,9,2,2,0,0
INA,2012,16,4,1,1,0,0
INA,2016,21,5,5,0,0,0
INA,2020,31,1,2,1,0,0
INA,2024,23,11,1,0,1,0
IND,1900,5,0,0,0,0,0
IND,1920,7,0,0,0,0,0
IND,1924,24,0,0,0,0,0
IND,1928,21,3,0,0,0,0
IND,1932,22,4,0,0,0,0
IND,1936,25,3,2,0,0,0
IND,1948,86,0,0,1,0,0
IND,1952,74,19,0,0,1,0
IND,1956,65,8,6,0,0,0
IND,1960,39,7,2,1,0,0
IND,1964,87,11,12,1,0,0
IND,1968,17,5,5,0,0,0
IND,1972,30,7,1,2,2,1
IND,1976,16,6,2,1,1,0
IND,1980,69,5,2,1,0,1
IND,1984,38,14,0,0,1,0
IND,1988,42,6,5,1,1,0
IND,1992,46,10,4,0,0,1
IND,1996,34,14,4,2,0,0
IND,2000,51,11,6,0,0,2
IND,2004,61,13,4,2,0,1
IND,2008,41,19,5,1,1,0
IND,2012,68,9,13,1,1,3
IND,2016,91,23,6,9,1,0
IND,2020,124,19,4,2,2,0
IND,2024,93,36,4,5,0,0
IOA,1992,76,0,0,0,0,0
IOA,2000,4,0,0,0,0,0
IOA,2012,4,0,0,0,0,0
IOA,2016,9,0,0,0,0,0
IRI,1900,1,0,0,0,0,0
IRI,1948,39,0,0,0,0,0
IRI,1952,19,4,0,0,0,0
IRI,1956,8,7,2,0,0,0
IRI,1960,20,2,2,0,0,0
IRI,1964,89,5,0,2,0,0
IRI,1968,10,3,1,0,0,0
IRI,1972,48,5,3,0,0,0
IRI,1976,90,10,1,3,0,0
IRI,1988,26,0,0,0,0,0
IRI,1992,37,6,0,0,1,0
IRI,1996,13,2,3,0,0,0
IRI,2000,30,3,0,1,0,0
IRI,2004,25,12,0,0,0,0
IRI,2008,43,8,4,0,0,0
IRI,2012,45,8,4,0,0,0
IRI,2016,42,19,6,0,0,0
IRI,2020,67,8,0,1,0,0
IRI,2024,29,12,4,1,0,0
IRL,1924,51,0,0,0,0,0
IRL,1928,25,7,0,0,0,0
IRL,1932,8,1,0,0,0,0
IRL,1948,71,0,0,0,0,0
IRL,1952,18,7,0,0,0,0
IRL,1956,21,4,0,0,0,0
IRL,1960,44,8,10,1,0,0
IRL,1964,25,6,2,2,0,0
IRL,1968,42,15,0,0,0,0
IRL,1972,66,16,2,0,0,0
IRL,1976,45,13,0,1,0,0
IRL,1980,46,10,1,0,0,0
IRL,1984,45,8,2,0,0,0
IRL,1988,60,10,5,2,1,0
IRL,1992,49,23,3,1,0,1
IRL,1996,70,16,9,4,0,0
IRL,2000,57,13,5,1,0,0
IRL,2004,31,14,6,4,0,0
IRL,2008,42,8,12,0,1,0
IRL,2012,46,15,7,4,3,1
IRL,2016,67,18,5,2,1,0
IRL,2020,127,14,4,1,1,3
IRL,2024,115,59,9,0,0,2
IRQ,1948,13,0,0,0,0,0
IRQ,1960,28,0,0,0,0,0
IRQ,1964,11,8,0,0,0,0
IRQ,1968,3,0,1,0,0,0
IRQ,1980,44,0,0,0,0,0
IRQ,1984,17,8,0,0,0,0
IRQ,1988,24,2,2,0,0,0
IRQ,1992,8,0,0,0,0,0
IRQ,1996,2,1,0,0,0,0
IRQ,2000,4,0,0,0,0,0
IRQ,2004,24,0,0,0,0,0
IRQ,2008,4,0,0,0,0,0
IRQ,2012,7,1,0,0,0,0
IRQ,2016,20,0,0,0,0,0
IRQ,2020,3,0,0,0,0,0
IRQ,2024,22,1,0,0,0,0
ISL,1908,1,0,0,0,0,0
ISL,1912,2,0,0,0,0,0
ISL,1936,13,0,0,0,0,0
ISL,1948,26,0,0,0,0,0
ISL,1952,14,4,0,0,0,0
ISL,1956,2,0,0,0,0,0
ISL,1960,8,3,0,0,0,0
ISL,1964,2,3,0,0,0,0
ISL,1968,7,4,5,0,0,0
ISL,1972,25,1,0,2,0,2
ISL,1976,19,3,0,0,0,0
ISL,1980,9,3,0,0,0,0
ISL,1984,31,2,1,1,0,0
ISL,1988,26,14,1,0,1,0
ISL,1992,20,6,3,1,0,1
ISL,1996,13,1,0,1,0,0
ISL,2000,19,10,0,0,0,0
ISL,2004,18,8,7,0,1,0
ISL,2008,18,8,5,0,0,0
ISL,2012,16,13,5,2,0,0
ISL,2016,6,6,2,0,0,0
ISL,2020,5,0,0,0,0,0
ISL,2024,3,4,0,0,0,0
ISR,1952,31,0,0,0,0,0
ISR,1956,2,1,0,0,0,0
ISR,1960,45,1,0,0,0,0
ISR,1964,8,5,0,0,0,0
ISR,1968,33,3,3,0,0,0
ISR,1972,11,6,0,0,0,0
ISR,1976,33,1,0,0,0,0
ISR,1984,63,0,2,0,0,0
ISR,1988,22,6,0,1,0,0
ISR,1992,40,1,2,0,1,0
ISR,1996,29,7,0,2,0,0
ISR,2000,40,11,7,0,0,0
ISR,2004,32,10,4,0,0,0
ISR,2008,40,15,4,1,0,0
ISR,2012,33,15,7,1,0,0
ISR,2016,38,12,8,1,0,0
ISR,2020,113,13,2,0,0,0
ISR,2024,73,56,7,2,0,0
ISV,1968,6,0,0,0,0,0
ISV,1972,15,1,0,0,0,0
ISV,1976,24,2,0,0,0,0
ISV,1984,47,0,4,1,0,0
ISV,1988,40,5,0,0,1,0
ISV,1992,17,7,6,0,3,1
ISV,1996,8,4,1,1,0,0
ISV,2000,8,2,1,1,0,0
ISV,2004,5,4,0,0,0,0
ISV,2008,5,3,0,0,0,0
ISV,2012,6,1,2,0,0,0
ISV,2016,4,2,0,1,0,0
ISV,2020,4,1,0,0,0,0
ISV,2024,3,2,0,0,0,0
ITA,1896,1,0,0,0,0,0
ITA,1900,36,0,0,0,0,0
ITA,1904,1,0,0,0,0,0
ITA,1906,103,0,0,0,0,0
ITA,1908,97,0,0,0,0,0
ITA,1912,78,14,0,0,0,0
ITA,1920,247,0,27,15,0,0
ITA,1924,216,78,0,24,5,0
ITA,1928,163,43,38,0,0,1
ITA,1932,84,34,19,2,0,0
ITA,1936,195,39,23,8,1,0
ITA,1948,208,0,0,38,12,5
ITA,1952,271,93,0,0,11,1
ITA,1956,137,49,14,0,0,7
ITA,1960,307,51,31,13,0,0
ITA,1964,140,88,18,4,6,0
ITA,1968,142,66,50,4,2,4
ITA,1972,270,44,22,8,1,0
ITA,1976,210,78,15,7,2,0
ITA,1980,147,30,20,5,1,0
ITA,1984,271,58,22,12,1,4
ITA,1988,247,87,29,5,6,0
ITA,1992,258,118,39,12,4,0
ITA,1996,272,93,73,18,2,2
ITA,2000,302,84,47,15,7,2
ITA,2004,296,104,38,24,10,2
ITA,2008,236,130,52,24,16,1
ITA,2012,197,75,75,21,10,4
ITA,2016,220,93,47,29,10,0
ITA,2020,370,93,35,16,10,0
ITA,2024,346,183,53,21,7,0
IVB,1984,13,0,0,0,0,0
IVB,1988,2,2,0,0,0,0
IVB,1992,3,0,1,0,0,0
IVB,1996,9,1,1,0,0,0
IVB,2000,0,1,0,0,0,0
IVB,2004,1,0,0,0,0,0
IVB,2008,2,0,0,0,0,0
IVB,2012,1,1,0,0,0,0
IVB,2016,3,0,1,0,0,0
IVB,2020,2,1,0,0,0,0
IVB,2024,3,1,0,0,0,0
JAM,1948,26,0,0,0,0,0
JAM,1952,5,11,0,0,0,0
JAM,1956,13,0,0,0,0,0
JAM,1964,28,0,4,0,0,0
JAM,1968,20,15,0,0,0,0
JAM,1972,40,8,3,0,0,0
JAM,1976,16,19,1,0,0,0
JAM,1980,16,7,9,0,0,0
JAM,1984,61,11,1,2,0,0
JAM,1988,28,13,8,0,0,0
JAM,1992,32,6,9,4,0,0
JAM,1996,39,19,3,5,3,0
JAM,2000,42,12,7,2,0,2
JAM,2004,34,20,7,0,1,0
JAM,2008,33,20,13,0,0,0
JAM,2012,27,15,16,4,0,0
JAM,2016,52,13,4,6,2,0
JAM,2020,65,16,5,0,1,0
JAM,2024,53,18,7,3,0,0
JOR,1980,6,0,0,0,0,0
JOR,1984,14,1,0,0,0,0
JOR,1988,9,0,0,0,0,0
JOR,1992,5,0,0,0,0,0
JOR,1996,4,1,0,0,0,0
JOR,2000,7,1,0,0,0,0
JOR,2004,7,1,0,0,0,0
JOR,2008,3,4,0,0,0,0
JOR,2012,7,0,2,0,0,0
JOR,2016,6,2,0,0,0,0
JOR,2020,13,1,1,0,0,0
JOR,2024,10,2,1,0,0,0
JPN,1912,4,0,0,0,0,0
JPN,1920,25,0,1,0,0,0
JPN,1924,35,1,0,1,0,0
JPN,1928,48,8,0,0,0,0
JPN,1932,146,11,1,0,0,0
JPN,1936,198,43,0,0,0,0
JPN,1952,132,0,0,0,1,0
JPN,1956,195,26,0,0,0,1
JPN,1960,203,56,19,0,0,0
JPN,1964,334,99,15,8,0,0
JPN,1968,211,58,19,1,0,0
JPN,1972,186,92,10,5,0,0
JPN,1976,247,33,44,3,1,0
JPN,1984,348,0,13,2,1,1
JPN,1988,317,91,0,4,0,0
JPN,1992,290,73,25,0,3,1
JPN,1996,340,80,24,3,0,1
JPN,2000,241,100,16,4,2,0
JPN,2004,288,62,51,10,3,0
JPN,2008,304,110,27,10,4,2
JPN,2012,253,89,46,6,5,0
JPN,2016,287,86,44,14,1,4
JPN,2020,605,114,38,23,5,2
JPN,2024,344,192,43,8,9,2
KAZ,1996,142,0,0,0,0,0
KAZ,2000,102,56,0,0,0,0
KAZ,2004,83,32,15,0,0,0
KAZ,2008,106,28,8,4,0,0
KAZ,2012,99,21,6,4,2,0
KAZ,2016,80,25,13,5,0,0
KAZ,2020,95,8,13,0,0,0
KAZ,2024,86,30,4,3,0,0
KEN,1956,31,0,0,0,0,0
KEN,1960,20,10,0,0,0,0
KEN,1964,26,11,4,0,0,0
KEN,1968,27,15,7,1,0,0
KEN,1972,37,24,6,2,0,0
KEN,1984,65,0,0,2,0,0
KEN,1988,71,17,0,0,0,0
KEN,1992,33,16,6,0,0,0
KEN,1996,42,11,0,1,0,0
KEN,2000,43,12,4,0,0,0
KEN,2004,32,10,4,0,0,0
KEN,2008,36,8,2,1,0,0
KEN,2012,36,10,3,2,0,0
KEN,2016,62,12,1,3,2,0
KEN,2020,81,4,3,0,1,0
KEN,2024,58,15,1,2,0,1
KGZ,1996,53,0,0,0,0,0
KGZ,2000,50,21,0,0,0,0
KGZ,2004,24,4,4,0,0,0
KGZ,2008,10,10,1,1,0,0
KGZ,2012,10,2,3,0,0,0
KGZ,2016,12,5,1,1,0,0
KGZ,2020,14,3,0,0,0,0
KGZ,2024,7,8,2,0,0,0
KIR,2004,3,0,0,0,0,0
KIR,2008,2,0,0,0,0,0
KIR,2012,2,1,0,0,0,0
KIR,2016,2,0,1,0,0,0
KIR,2020,3,0,0,0,0,0
KIR,2024,3,0,0,0,0,0
KOR,1948,48,0,0,0,0,0
KOR,1952,13,9,0,0,0,0
KOR,1956,27,6,3,0,0,0
KOR,1960,44,4,1,0,0,0
KOR,1964,228,7,3,1,1,0
KOR,1968,42,20,3,0,0,1
KOR,1972,37,4,2,0,0,0
KOR,1976,37,14,0,0,0,0
KOR,1984,235,0,1,1,1,2
KOR,1988,478,66,0,3,2,2
KOR,1992,247,64,10,0,0,1
KOR,1996,304,69,34,10,0,0
KOR,2000,196,105,32,21,5,0
KOR,2004,228,56,47,11,1,1
KOR,2008,194,85,25,12,11,2
KOR,2012,180,69,48,8,3,4
KOR,2016,170,54,22,12,2,3
KOR,2020,338,0,0,0,0,0
KOR,2024,151,97,0,0,0,0
KOS,2016,8,0,0,0,0,0
KOS,2020,8,3,0,0,0,0
KOS,2024,4,4,1,0,0,0
KSA,1972,14,0,0,0,0,0
KSA,1976,18,1,0,0,0,0
KSA,1984,42,0,0,0,0,0
KSA,1988,11,0,0,0,2,0
KSA,1992,16,0,0,0,0,1
KSA,1996,29,2,2,1,0,0
KSA,2000,13,9,0,1,0,0
KSA,2004,7,4,5,0,0,0
KSA,2008,11,1,1,5,0,0
KSA,2012,12,7,0,0,4,0
KSA,2016,8,1,2,0,0,0
KSA,2020,32,1,0,0,0,0
KSA,2024,11,0,0,0,0,0
KUW,1968,2,0,0,0,0,0
KUW,1972,4,0,0,0,0,0
KUW,1976,21,0,0,0,0,0
KUW,1980,61,6,0,0,0,0
KUW,1984,18,12,1,0,0,0
KUW,1988,27,4,2,1,0,0
KUW,1992,27,9,0,1,0,0
KUW,1996,21,3,2,0,1,0
KUW,2000,25,2,2,1,0,0
KUW,2004,6,3,1,1,0,0
KUW,2008,4,3,0,1,0,0
KUW,2012,6,1,2,0,1,2
KUW,2020,10,0,0,0,0,0
KUW,2024,7,2,0,0,0,0
LAO,1980,19,0,0,0,0,0
LAO,1988,3,0,0,0,0,0
LAO,1992,6,0,0,1,0,0
LAO,1996,5,0,0,0,0,0
LAO,2000,1,2,0,0,0,0
LAO,2004,5,0,0,0,0,0
LAO,2008,2,2,0,0,0,0
LAO,2012,3,0,0,0,0,0
LAO,2016,4,1,0,0,0,0
LAO,2020,2,2,0,0,0,0
LAO,2024,3,1,0,0,0,0
LAT,1924,47,0,0,0,0,0
LAT,1928,11,5,0,0,0,0
LAT,1932,2,0,0,0,0,0
LAT,1936,24,2,1,1,0,0
LAT,1992,40,0,0,0,0,0
LAT,1996,38,17,0,0,0,0
LAT,2000,32,16,12,0,0,0
LAT,2004,20,14,8,3,0,0
LAT,2008,35,8,7,1,2,0
LAT,2012,33,12,2,2,0,1
LAT,2016,15,13,4,0,0,1
LAT,2020,35,0,3,0,0,0
LAT,2024,18,14,0,0,0,0
LBA,1968,1,0,0,0,0,0
LBA,1980,38,0,0,0,0,0
LBA,1988,7,0,0,0,0,0
LBA,1992,5,0,0,0,0,0
LBA,1996,5,0,0,0,0,0
LBA,2000,2,1,0,0,0,0
LBA,2004,7,0,1,0,0,0
LBA,2008,4,1,0,1,0,0
LBA,2012,2,1,0,0,1,0
LBA,2016,7,0,0,0,0,0
LBA,2020,4,0,0,0,0,0
LBA,2024,6,0,0,0,0,0
LBN,2020,6,0,0,0,0,0
LBN,2024,10,1,0,0,0,0
LBR,1956,11,0,0,0,0,0
LBR,1960,1,5,0,0,0,0
LBR,1964,2,0,0,0,0,0
LBR,1972,5,0,0,0,0,0
LBR,1984,10,0,0,0,0,0
LBR,1988,8,3,0,0,0,0
LBR,1996,6,0,0,1,0,0
LBR,2000,5,4,0,0,1,0
LBR,2004,2,0,0,0,0,0
LBR,2008,4,0,0,0,0,0
LBR,2012,2,1,0,0,0,0
LBR,2016,3,0,0,0,0,0
LBR,2020,2,2,0,0,0,0
LBR,2024,5,3,2,0,0,0
LCA,1996,8,0,0,0,0,0
LCA,2000,4,1,0,0,0,0
LCA,2004,2,0,0,0,0,0
LCA,2008,3,0,0,1,0,0
LCA,2012,2,2,0,0,0,0
LCA,2016,4,0,1,0,0,0
LCA,2020,4,0,0,1,0,0
LCA,2024,4,1,0,0,0,0
LES,1972,2,0,0,0,0,0
LES,1980,7,0,0,0,0,0
LES,1984,4,1,0,0,0,0
LES,1988,6,0,0,0,0,0
LES,1992,8,0,0,0,0,0
LES,1996,11,0,0,0,0,0
LES,2000,4,1,1,0,0,0
LES,2004,3,0,0,0,0,0
LES,2008,5,0,0,0,0,0
LES,2012,3,1,0,0,0,0
LES,2016,6,3,0,0,0,0
LES,2020,2,0,0,0,0,0
LES,2024,3,0,0,0,0,0
LIB,1948,9,0,0,0,0,0
LIB,1952,7,2,0,0,0,0
LIB,1960,22,0,0,0,0,0
LIB,1964,3,5,0,0,0,0
LIB,1968,14,0,1,0,0,0
LIB,1972,27,7,0,2,0,0
LIB,1976,4,0,0,0,0,0
LIB,1980,17,0,0,2,0,0
LIB,1984,23,5,0,2,0,0
LIB,1988,22,9,0,0,0,0
LIB,1992,8,8,2,0,0,0
LIB,1996,1,0,0,0,0,0
LIB,2000,5,0,0,1,0,0
LIB,2004,4,1,0,0,0,0
LIB,2008,5,1,0,0,0,0
LIB,2012,8,1,1,0,0,0
LIB,2016,6,3,0,0,0,0
LIE,1936,8,0,0,0,0,0
LIE,1948,2,0,0,0,0,0
LIE,1952,2,0,0,0,0,0
LIE,1960,8,0,0,0,0,0
LIE,1964,2,1,0,0,0,0
LIE,1968,3,0,0,0,0,0
LIE,1972,12,0,0,0,0,0
LIE,1976,7,2,0,0,0,0
LIE,1984,6,0,1,1,0,0
LIE,1988,11,5,0,0,0,0
LIE,1992,4,3,1,0,0,0
LIE,1996,0,1,0,1,0,0
LIE,2000,2,0,0,0,0,0
LIE,2004,0,1,0,0,0,0
LIE,2008,1,0,1,0,0,0
LIE,2012,3,1,0,0,0,0
LIE,2016,1,2,0,0,0,0
LIE,2020,3,2,4,0,0,0
LIE,2024,1,0,0,0,0,0
LTU,1924,13,0,0,0,0,0
LTU,1928,12,1,0,0,0,0
LTU,1992,54,0,0,0,0,0
LTU,1996,61,20,0,0,0,0
LTU,2000,42,29,6,0,0,0
LTU,2004,34,19,17,0,0,0
LTU,2008,46,14,11,7,0,0
LTU,2012,43,17,4,6,2,0
LTU,2016,47,17,12,4,0,0
LTU,2020,46,9,3,1,0,0
LTU,2024,37,22,4,0,0,0
LUX,1900,1,0,0,0,0,0
LUX,1912,44,0,0,0,0,0
LUX,1920,34,0,1,0,0,0
LUX,1924,109,9,0,0,0,0
LUX,1928,79,22,0,0,0,0
LUX,1936,92,0,10,6,0,0
LUX,1948,107,0,0,8,0,0
LUX,1952,65,27,0,0,9,0
LUX,1956,10,5,12,0,0,0
LUX,1960,80,4,24,9,0,0
LUX,1964,12,8,0,0,7,0
LUX,1968,4,0,3,0,0,0
LUX,1972,11,0,0,4,0,0
LUX,1976,6,2,0,0,1,0
LUX,1980,3,1,0,0,0,0
LUX,1984,3,2,0,0,0,0
LUX,1988,10,0,1,0,0,0
LUX,1992,3,4,1,0,0,0
LUX,1996,6,1,0,0,0,0
LUX,2000,7,1,0,1,0,0
LUX,2004,9,3,2,0,0,0
LUX,2008,13,4,2,0,0,0
LUX,2012,4,5,1,1,0,0
LUX,2016,5,3,5,1,1,0
LUX,2020,11,0,2,0,1,0
LUX,2024,8,4,0,1,0,0
MAD,1964,4,0,0,0,0,0
MAD,1968,4,2,0,0,0,0
MAD,1972,11,0,2,0,0,0
MAD,1980,18,0,0,0,0,0
MAD,1984,3,2,0,0,0,0
MAD,1992,17,0,0,0,0,0
MAD,1996,7,7,0,0,0,0
MAD,2000,10,3,0,0,0,0
MAD,2004,3,3,1,1,0,0
MAD,2008,4,1,1,0,0,0
MAD,2012,7,0,0,0,0,0
MAD,2016,3,3,0,0,0,0
MAD,2020,6,0,0,0,0,0
MAD,2024,7,0,0,0,0,0
MAL,1956,34,0,0,0,0,0
MAL,1960,10,1,0,0,0,0
MAR,1960,111,0,0,0,0,0
MAR,1964,16,5,0,0,0,0
MAR,1968,22,1,2,0,0,0
MAR,1972,34,4,1,0,0,0
MAR,1976,6,2,1,0,0,0
MAR,1984,34,0,0,1,0,0
MAR,1988,22,7,0,0,0,0
MAR,1992,39,5,1,0,0,0
MAR,1996,30,6,2,0,0,0
MAR,2000,44,6,5,0,0,0
MAR,2004,38,12,5,2,0,0
MAR,2008,31,11,7,0,0,0
MAR,2012,52,15,0,0,0,0
MAR,2016,35,13,4,0,0,0
MAR,2020,43,7,1,0,0,0
MAR,2024,48,14,1,0,0,0
MAS,1964,81,0,0,0,0,0
MAS,1968,20,15,0,0,0,0
MAS,1972,48,7,2,0,0,0
MAS,1976,15,7,3,0,0,0
MAS,1984,25,0,2,0,0,0
MAS,1988,14,3,0,0,0,0
MAS,1992,21,6,3,0,0,0
MAS,1996,33,10,0,0,0,0
MAS,2000,33,19,3,0,0,0
MAS,2004,24,11,3,0,0,0
MAS,2008,26,8,7,1,0,0
MAS,2012,22,10,4,2,0,0
MAS,2016,24,14,3,1,0,0
MAS,2020,41,4,0,2,0,0
MAS,2024,19,12,1,0,0,0
MAW,1972,18,0,0,0,0,0
MAW,1984,21,0,0,2,0,0
MAW,1988,10,12,0,0,0,0
MAW,1992,3,1,0,0,0,0
MAW,1996,1,0,1,0,0,0
MAW,2000,1,0,1,0,0,0
MAW,2004,3,1,0,0,0,0
MAW,2008,4,0,0,0,0,0
MAW,2012,3,0,0,0,0,0
MAW,2016,5,0,0,0,0,0
MAW,2020,4,1,0,0,0,0
MAW,2024,1,2,0,0,0,0
MDA,1996,50,0,0,0,0,0
MDA,2000,22,13,0,0,0,0
MDA,2004,14,10,9,0,0,0
MDA,2008,13,7,5,5,0,0
MDA,2012,14,3,2,1,0,0
MDA,2016,15,3,3,1,1,0
MDA,2020,18,5,3,0,0,0
MDA,2024,11,13,3,3,0,0
MDV,1988,9,0,0,0,0,0
MDV,1992,7,3,0,0,0,0
MDV,1996,4,4,1,0,0,0
MDV,2000,3,1,0,0,0,0
MDV,2004,3,1,0,0,0,0
MDV,2008,3,1,0,0,0,0
MDV,2012,4,0,0,0,0,1
MDV,2016,2,2,0,0,0,0
MDV,2020,3,1,0,0,0,0
MDV,2024,4,1,0,0,0,0
MEX,1900,3,0,0,0,0,0
MEX,1924,28,0,0,0,0,0
MEX,1928,37,2,0,0,0,0
MEX,1932,94,4,0,0,0,0
MEX,1936,26,5,1,0,0,0
MEX,1948,140,0,0,0,9,0
MEX,1952,58,25,0,0,0,2
MEX,1956,20,12,4,0,0,0
MEX,1960,90,7,9,4,0,0
MEX,1964,106,16,0,3,3,0
MEX,1968,367,46,16,2,1,14
MEX,1972,173,93,13,2,0,0
MEX,1976,82,30,18,7,0,0
MEX,1980,51,11,6,2,4,0
MEX,1984,120,22,7,5,1,0
MEX,1988,91,35,12,2,2,2
MEX,1992,101,23,9,5,0,2
MEX,1996,87,17,2,3,2,0
MEX,2000,68,11,15,4,0,0
MEX,2004,105,22,6,4,0,0
MEX,2008,76,16,9,2,0,0
MEX,2012,80,28,9,2,0,0
MEX,2016,98,24,11,5,1,0
MEX,2020,196,0,0,0,0,0
MEX,2024,95,60,0,0,0,0
MGL,1964,40,0,0,0,0,0
MGL,1968,12,26,0,0,0,0
MGL,1972,31,7,6,0,0,0
MGL,1976,19,10,2,2,0,0
MGL,1980,41,12,1,2,1,0
MGL,1988,30,0,0,2,0,0
MGL,1992,28,10,0,0,0,0
MGL,1996,12,6,0,0,0,0
MGL,2000,13,6,3,1,0,0
MGL,2004,15,3,2,1,0,0
MGL,2008,17,8,3,2,1,0
MGL,2012,19,4,7,0,2,0
MGL,2016,28,10,4,2,0,2
MGL,2020,61,0,0,0,0,0
MGL,2024,31,17,0,0,0,0
MHL,2008,5,0,0,0,0,0
MHL,2012,3,1,0,0,0,0
MHL,2016,4,1,0,0,0,0
MHL,2020,1,1,0,0,0,0
MHL,2024,3,0,1,0,0,0
MKD,1996,16,0,0,0,0,0
MKD,2000,11,4,0,0,0,0
MKD,2004,2,10,2,0,0,0
MKD,2008,7,0,0,0,0,0
MKD,2012,4,0,0,0,0,0
MKD,2016,5,1,0,0,0,0
MKD,2020,8,0,0,0,0,0
MKD,2024,6,0,0,0,0,0
MLI,1964,2,0,0,0,0,0
MLI,1968,2,0,0,0,0,0
MLI,1972,2,1,0,0,0,0
MLI,1980,6,0,0,1,0,0
MLI,1984,4,1,0,0,0,0
MLI,1988,8,0,0,0,0,0
MLI,1992,4,2,0,0,0,0
MLI,1996,2,0,2,0,0,0
MLI,2000,5,0,0,0,0,0
MLI,2004,19,2,0,0,0,0
MLI,2008,14,1,2,0,0,0
MLI,2012,5,1,0,0,0,0
MLI,2016,5,1,0,0,0,0
MLI,2020,4,0,0,0,0,0
MLI,2024,23,1,0,0,0,0
MLT,1928,9,0,0,0,0,0
MLT,1936,11,0,0,0,0,0
MLT,1948,1,0,0,0,0,0
MLT,1960,13,0,0,0,0,0
MLT,1968,0,0,1,0,0,0
MLT,1972,4,0,0,1,0,0
MLT,1980,9,0,2,0,0,1
MLT,1984,5,2,0,0,0,0
MLT,1988,4,1,1,0,0,0
MLT,1992,6,2,0,0,0,0
MLT,1996,8,2,0,0,0,0
MLT,2000,3,3,1,0,0,0
MLT,2004,5,2,0,0,0,0
MLT,2008,4,2,0,0,0,0
MLT,2012,4,0,1,0,0,0
MLT,2016,5,2,0,1,0,0
MLT,2020,5,2,1,0,0,0
MLT,2024,3,1,1,0,0,0
MNE,2008,20,0,0,0,0,0
MNE,2012,22,12,0,0,0,0
MNE,2016,11,16,8,0,0,0
MNE,2020,33,1,1,0,0,0
MNE,2024,12,7,0,0,0,0
MON,1920,7,0,0,0,0,0
MON,1924,7,1,0,0,0,0
MON,1928,5,2,1,0,0,0
MON,1936,4,0,0,5,0,0
MON,1948,2,0,0,2,0,0
MON,1952,9,0,0,0,1,0
MON,1960,12,0,1,0,0,0
MON,1964,1,0,0,0,0,0
MON,1968,1,0,1,0,0,0
MON,1972,3,1,0,1,0,0
MON,1976,6,2,1,0,1,0
MON,1984,7,0,0,1,0,0
MON,1988,6,3,0,0,0,0
MON,1992,3,1,0,0,0,0
MON,1996,1,2,1,0,0,0
MON,2000,2,1,0,1,0,0
MON,2004,2,0,0,0,1,0
MON,2008,3,1,0,0,0,1
MON,2012,4,2,0,0,0,0
MON,2016,6,1,1,0,0,0
MON,2020,6,0,0,0,0,0
MON,2024,3,3,0,0,0,0
MOZ,1980,16,0,0,0,0,0
MOZ,1984,12,2,0,0,0,0
MOZ,1988,12,0,0,0,0,0
MOZ,1992,3,4,0,0,0,0
MOZ,1996,1,0,2,0,0,0
MOZ,2000,3,0,0,1,0,0
MOZ,2004,3,0,0,0,1,0
MOZ,2008,3,0,0,0,0,1
MOZ,2012,4,1,1,0,0,0
MOZ,2016,7,0,0,1,0,0
MOZ,2020,8,2,0,0,0,0
MOZ,2024,6,1,0,0,0,0
MRI,1984,7,0,0,0,0,0
MRI,1988,11,0,0,0,0,0
MRI,1992,21,1,0,0,0,0
MRI,1996,26,9,1,0,0,0
MRI,2000,20,5,1,0,0,0
MRI,2004,5,3,1,0,0,0
MRI,2008,8,1,1,1,0,0
MRI,2012,8,3,0,0,0,0
MRI,2016,8,3,0,0,0,0
MRI,2020,6,1,1,0,0,0
MRI,2024,10,2,0,0,0,0
MTN,1984,2,0,0,0,0,0
MTN,1988,6,1,0,0,0,0
MTN,1992,5,1,0,0,0,0
MTN,1996,1,3,0,0,0,0
MTN,2000,2,0,0,0,0,0
MTN,2004,2,0,0,0,0,0
MTN,2008,2,0,0,0,0,0
MTN,2012,2,0,0,0,0,0
MTN,2016,1,1,0,0,0,0
MTN,2020,1,1,0,0,0,0
MTN,2024,2,0,0,0,0,0
MYA,1948,5,0,0,0,0,0
MYA,1952,5,0,0,0,0,0
MYA,1956,11,1,0,0,0,0
MYA,1960,3,6,1,0,0,0
MYA,1964,9,2,1,0,0,0
MYA,1968,2,2,0,0,0,0
MYA,1972,18,1,0,0,0,0
MYA,1980,2,0,0,0,0,0
MYA,1984,1,0,0,0,0,0
MYA,1988,3,0,0,0,0,0
MYA,1992,3,2,0,0,0,0
MYA,1996,2,0,1,0,0,0
MYA,2000,7,0,0,0,0,0
MYA,2004,2,0,0,0,0,0
MYA,2008,7,0,0,0,0,0
MYA,2012,4,2,0,0,0,0
MYA,2016,8,0,0,0,0,0
MYA,2020,2,0,0,0,0,0
MYA,2024,1,1,0,0,0,0
NAM,1992,10,0,0,0,0,0
NAM,1996,5,5,0,0,0,0
NAM,2000,11,3,2,0,0,0
NAM,2004,4,2,2,2,0,0
NAM,2008,7,2,2,0,0,0
NAM,2012,5,4,0,0,0,0
NAM,2016,6,2,3,0,0,0
NAM,2020,9,1,0,1,0,0
NAM,2024,1,2,0,0,1,0
NBO,1956,2,0,0,0,0,0
NCA,1968,16,0,0,0,0,0
NCA,1972,6,4,0,0,0,0
NCA,1976,24,0,1,0,0,0
NCA,1980,6,0,0,0,0,0
NCA,1984,5,0,0,0,0,0
NCA,1992,9,0,0,0,0,0
NCA,1996,27,1,0,0,0,0
NCA,2000,4,1,1,0,0,0
NCA,2004,6,0,0,0,0,0
NCA,2008,5,0,0,2,0,0
NCA,2012,4,2,0,0,0,0
NCA,2016,4,0,1,0,0,0
NCA,2020,8,0,0,0,0,0
NCA,2024,4,3,0,0,0,0
NED,1900,73,0,0,0,0,0
NED,1906,49,0,0,0,0,0
NED,1908,215,0,3,0,0,0
NED,1912,30,15,0,0,0,0
NED,1920,165,0,4,36,0,8
NED,1924,170,27,0,1,16,0
NED,1928,235,57,13,0,1,7
NED,1932,28,8,6,0,0,0
NED,1936,148,5,12,5,1,0
NED,1948,157,0,0,13,1,4
NED,1952,113,63,0,0,3,1
NED,1956,1,0,0,0,0,0
NED,1960,156,0,1,3,0,0
NED,1964,108,48,0,0,2,0
NED,1968,109,25,6,0,0,0
NED,1972,175,23,1,0,0,0
NED,1976,138,36,1,0,0,0
NED,1980,94,15,2,1,0,0
NED,1984,140,34,7,3,1,0
NED,1988,146,39,15,1,1,0
NED,1992,178,59,16,1,0,3
NED,1996,193,61,31,5,0,0
NED,2000,169,73,28,13,1,1
NED,2004,151,61,37,12,3,0
NED,2008,171,67,29,14,0,2
NED,2012,129,64,24,2,3,0
NED,2016,206,78,37,5,3,0
NED,2020,284,76,20,11,0,0
NED,2024,249,134,55,10,1,0
NEP,1964,6,0,0,0,0,0
NEP,1972,2,0,0,0,0,0
NEP,1976,1,0,0,0,0,0
NEP,1980,9,1,0,0,0,0
NEP,1984,9,0,1,0,0,0
NEP,1988,18,1,0,1,0,0
NEP,1992,1,1,0,0,0,0
NEP,1996,5,0,1,0,0,0
NEP,2000,5,0,0,0,0,0
NEP,2004,6,0,0,0,0,0
NEP,2008,8,0,0,0,0,0
NEP,2012,4,1,0,0,0,0
NEP,2016,7,0,0,0,0,0
NEP,2020,4,1,0,0,0,0
NEP,2024,6,1,0,0,0,0
NFL,1904,1,0,0,0,0,0
NGR,1952,15,0,0,0,0,0
NGR,1956,7,7,0,0,0,0
NGR,1960,13,2,0,0,0,0
NGR,1964,15,3,1,0,0,0
NGR,1968,43,2,1,0,0,0
NGR,1972,25,10,0,1,0,0
NGR,1980,56,0,0,0,0,0
NGR,1984,29,7,0,0,0,0
NGR,1988,69,12,5,0,0,0
NGR,1992,53,16,3,0,0,0
NGR,1996,61,13,10,0,0,0
NGR,2000,67,19,7,7,0,0
NGR,2004,57,14,4,3,1,0
NGR,2008,58,18,8,1,4,0
NGR,2012,40,12,4,0,1,1
NGR,2016,55,14,6,1,0,1
NGR,2020,63,2,2,0,1,0
NGR,2024,85,14,1,2,0,1
NIG,1964,1,0,0,0,0,0
NIG,1968,1,1,0,0,0,0
NIG,1972,3,0,1,0,0,0
NIG,1984,4,0,0,0,0,0
NIG,1988,6,0,0,0,0,0
NIG,1992,2,1,0,0,0,0
NIG,1996,1,1,1,0,0,0
NIG,2000,4,0,0,0,0,0
NIG,2004,4,0,0,0,0,0
NIG,2008,4,0,0,0,0,0
NIG,2012,6,0,0,0,0,0
NIG,2016,6,0,0,0,0,0
NIG,2020,7,0,0,0,0,0
NIG,2024,6,1,0,0,0,0
NOR,1900,29,0,0,0,0,0
NOR,1904,6,0,0,0,0,0
NOR,1906,53,2,0,0,0,0
NOR,1908,99,0,4,0,0,0
NOR,1912,217,44,0,2,0,0
NOR,1920,215,0,29,21,0,1
NOR,1924,60,31,0,5,5,0
NOR,1928,41,17,9,0,1,2
NOR,1932,5,1,0,0,0,0
NOR,1936,69,2,4,4,5,0
NOR,1948,87,0,0,9,0,0
NOR,1952,144,38,0,0,8,0
NOR,1956,15,9,2,0,0,3
NOR,1960,39,3,7,1,0,0
NOR,1964,25,16,0,0,2,0
NOR,1968,78,5,3,0,0,0
NOR,1972,120,36,2,2,0,1
NOR,1976,50,23,5,0,1,0
NOR,1984,115,0,13,4,0,0
NOR,1988,52,23,0,2,2,0
NOR,1992,87,16,11,0,0,0
NOR,1996,77,26,9,4,0,0
NOR,2000,63,32,13,4,3,0
NOR,2004,30,19,8,1,0,2
NOR,2008,73,14,10,4,1,0
NOR,2012,34,28,3,2,2,0
NOR,2016,41,20,13,0,1,2
NOR,2020,96,10,4,1,1,0
NOR,2024,76,40,7,4,0,1
NRU,1996,3,0,0,0,0,0
NRU,2000,1,1,0,0,0,0
NRU,2004,3,0,0,0,0,0
NRU,2008,0,1,0,0,0,0
NRU,2012,1,0,1,0,0,0
NRU,2016,2,0,0,0,0,0
NRU,2020,2,0,0,0,0,0
NRU,2024,1,0,0,0,0,0
NZL,1900,1,0,0,0,0,0
NZL,1920,6,0,0,0,0,0
NZL,1924,6,0,0,0,0,0
NZL,1928,13,0,0,0,0,0
NZL,1932,29,0,0,0,0,0
NZL,1936,8,1,0,0,0,0
NZL,1948,8,0,0,0,0,0
NZL,1952,19,1,0,0,0,0
NZL,1956,54,3,0,0,0,0
NZL,1960,32,15,0,0,0,0
NZL,1964,66,13,9,0,0,0
NZL,1968,51,11,3,0,0,0
NZL,1972,87,19,3,3,0,0
NZL,1976,64,27,7,0,0,0
NZL,1980,5,2,0,0,0,0
NZL,1984,148,2,8,4,0,0
NZL,1988,69,38,1,4,0,0
NZL,1992,127,20,26,0,2,0
NZL,1996,80,39,3,7,0,0
NZL,2000,135,21,16,3,2,0
NZL,2004,124,33,17,8,0,2
NZL,2008,131,52,9,6,3,0
NZL,2012,125,56,19,2,2,0
NZL,2016,151,50,23,8,0,0
NZL,2020,190,57,23,9,0,0
NZL,2024,142,76,19,8,8,0
OMA,1984,22,0,0,0,0,0
OMA,1988,9,4,0,0,0,0
OMA,1992,3,1,1,0,0,0
OMA,1996,3,2,0,0,0,0
OMA,2000,6,2,0,0,0,0
OMA,2004,1,1,0,0,0,0
OMA,2008,4,0,0,0,0,0
OMA,2012,3,0,0,0,0,0
OMA,2016,3,1,0,0,0,0
OMA,2020,5,0,0,0,0,0
OMA,2024,2,2,0,0,0,0
PAK,1948,44,0,0,0,0,0
PAK,1952,38,13,0,0,0,0
PAK,1956,52,15,12,0,0,0
PAK,1960,21,18,8,6,0,0
PAK,1964,27,7,6,4,3,0
PAK,1968,8,5,0,1,1,0
PAK,1972,20,2,2,0,0,2
PAK,1976,12,11,0,1,0,0
PAK,1984,29,0,2,1,0,1
PAK,1988,26,7,0,0,0,0
PAK,1992,18,8,2,0,0,0
PAK,1996,18,3,3,0,0,0
PAK,2000,22,4,0,1,0,0
PAK,2004,19,6,0,0,1,0
PAK,2008,16,5,1,0,0,0
PAK,2012,13,2,2,4,0,0
PAK,2016,7,0,0,0,0,0
PAK,2020,9,1,0,0,0,0
PAK,2024,6,4,0,0,0,0
PAN,1928,2,0,0,0,0,0
PAN,1948,2,0,0,0,0,0
PAN,1952,1,0,0,0,0,0
PAN,1960,8,0,0,0,0,0
PAN,1964,11,4,0,0,0,0
PAN,1968,15,1,0,0,0,0
PAN,1972,6,1,1,0,0,0
PAN,1976,12,1,0,0,0,0
PAN,1984,10,0,0,0,0,0
PAN,1988,5,4,0,0,0,0
PAN,1992,5,1,1,0,0,0
PAN,1996,9,0,0,0,0,0
PAN,2000,3,4,0,0,0,0
PAN,2004,3,0,2,0,0,0
PAN,2008,3,2,0,0,0,0
PAN,2012,6,1,1,0,0,0
PAN,2016,11,2,1,0,0,0
PAN,2020,10,1,0,0,0,0
PAN,2024,10,3,0,0,0,0
PAR,1968,1,0,0,0,0,0
PAR,1972,3,0,0,0,0,0
PAR,1976,5,1,0,0,0,0
PAR,1984,18,0,0,0,0,0
PAR,1988,11,2,0,0,0,0
PAR,1992,29,2,0,0,0,0
PAR,1996,6,0,1,0,0,0
PAR,2000,3,0,2,0,0,0
PAR,2004,21,0,0,1,0,0
PAR,2008,6,1,0,0,0,0
PAR,2012,8,1,1,0,0,0
PAR,2016,6,4,1,0,0,0
PAR,2020,9,0,0,0,0,0
PAR,2024,26,3,0,0,0,0
PER,1900,2,0,0,0,0,0
PER,1936,46,0,0,0,0,0
PER,1948,49,0,0,0,0,0
PER,1956,10,0,0,0,0,0
PER,1960,30,3,0,0,0,0
PER,1964,31,4,5,0,0,0
PER,1968,29,3,0,1,0,0
PER,1972,26,5,0,0,0,0
PER,1976,9,2,3,0,0,0
PER,1980,32,3,2,1,0,0
PER,1984,32,11,1,0,0,0
PER,1988,11,8,7,0,0,0
PER,1992,14,1,4,2,0,0
PER,1996,27,2,0,1,3,0
PER,2000,13,5,0,0,1,3
PER,2004,12,2,0,0,0,0
PER,2008,11,1,1,0,0,0
PER,2012,12,3,1,0,0,0
PER,2016,28,4,1,1,0,0
PER,2020,42,0,0,0,0,0
PER,2024,14,18,0,0,0,0
PHI,1924,2,0,0,0,0,0
PHI,1928,6,0,0,0,0,0
PHI,1932,6,2,0,0,0,0
PHI,1936,34,4,2,0,0,0
PHI,1948,25,0,0,4,0,0
PHI,1952,20,5,0,0,3,0
PHI,1956,38,5,3,0,0,2
PHI,1960,42,6,0,1,0,0
PHI,1964,57,13,0,0,0,0
PHI,1968,68,12,9,0,0,0
PHI,1972,60,11,6,2,0,0
PHI,1976,8,12,1,0,1,0
PHI,1984,28,0,0,4,0,0
PHI,1988,38,4,0,0,0,0
PHI,1992,19,17,1,0,0,1
PHI,1996,9,4,4,1,0,0
PHI,2000,21,1,0,0,0,0
PHI,2004,15,5,1,0,0,0
PHI,2008,10,6,1,0,0,0
PHI,2012,8,3,0,0,0,0
PHI,2016,9,2,2,0,0,0
PHI,2020,26,0,0,1,0,0
PHI,2024,30,14,0,0,0,0
PLE,1996,1,0,0,0,0,0
PLE,2000,2,0,0,0,0,0
PLE,2004,3,0,0,0,0,0
PLE,2008,4,0,0,0,0,0
PLE,2012,5,0,0,0,0,0
PLE,2016,5,1,0,0,0,0
PLE,2020,5,0,0,0,0,0
PLE,2024,7,1,0,0,0,0
PLW,2000,5,0,0,0,0,0
PLW,2004,4,0,0,0,0,0
PLW,2008,4,0,1,0,0,0
PLW,2012,5,0,0,0,0,0
PLW,2016,4,1,1,0,0,0
PLW,2020,3,0,0,0,0,0
PLW,2024,3,0,0,0,0,0
PNG,1976,9,0,0,0,0,0
PNG,1984,8,0,4,0,0,0
PNG,1988,14,1,0,0,0,0
PNG,1992,18,1,0,0,0,0
PNG,1996,12,5,0,0,0,0
PNG,2000,5,0,0,0,0,0
PNG,2004,4,2,0,0,0,0
PNG,2008,3,4,2,0,0,0
PNG,2012,5,1,1,1,0,0
PNG,2016,5,2,0,1,0,0
PNG,2020,5,1,1,0,0,1
PNG,2024,5,1,1,0,0,0
POL,1924,100,0,0,0,0,0
POL,1928,68,16,0,0,0,0
POL,1932,17,8,3,0,0,0
POL,1936,119,7,6,3,0,0
POL,1948,28,0,0,8,1,0
POL,1952,243,4,0,0,1,0
POL,1956,78,40,0,0,0,0
POL,1960,229,47,31,0,0,0
POL,1964,135,80,18,7,0,0
POL,1968,200,60,31,2,3,0
POL,1972,299,77,33,6,1,2
POL,1976,177,86,17,5,0,1
POL,1980,313,52,40,10,3,0
POL,1988,163,0,27,2,0,0
POL,1992,196,64,0,3,0,0
POL,1996,114,64,27,0,2,0
POL,2000,153,39,38,9,0,1
POL,2004,148,44,23,8,1,0
POL,2008,184,74,33,18,7,0
POL,2012,137,73,28,11,7,0
POL,2016,155,74,38,21,1,0
POL,2020,221,38,16,7,0,0
POL,2024,176,103,23,8,2,0
POR,1912,8,0,0,0,0,0
POR,1920,39,0,1,0,0,0
POR,1924,28,18,0,1,0,0
POR,1928,24,8,6,0,1,0
POR,1932,5,1,2,0,0,0
POR,1936,17,0,2,3,4,0
POR,1948,54,0,0,8,1,1
POR,1952,130,22,0,0,1,2
POR,1956,9,2,7,0,0,0
POR,1960,90,2,12,5,0,0
POR,1964,10,11,0,1,3,0
POR,1968,21,0,8,0,3,1
POR,1972,30,2,2,6,0,1
POR,1976,28,5,2,1,0,0
POR,1980,11,6,1,0,0,0
POR,1984,40,1,0,7,0,0
POR,1988,74,14,0,0,3,0
POR,1992,77,25,7,0,0,6
POR,1996,90,26,11,4,0,0
POR,2000,32,16,11,3,2,0
POR,2004,62,14,9,5,1,2
POR,2008,53,18,10,2,3,1
POR,2012,51,32,6,7,1,1
POR,2016,67,16,14,5,3,1
POR,2020,89,6,5,10,2,1
POR,2024,48,36,3,4,4,0
PRK,1972,83,0,0,0,0,0
PRK,1976,38,2,0,0,0,0
PRK,1980,108,11,2,0,0,0
PRK,1992,114,0,0,7,2,0
PRK,1996,20,16,0,0,0,0
PRK,2000,30,9,8,0,0,0
PRK,2004,58,5,8,0,0,0
PRK,2008,56,3,2,3,2,0
PRK,2012,41,15,0,0,0,1
PRK,2016,18,8,8,2,0,2
PRK,2024,18,0,0,0,0,0
PUR,1948,9,0,0,0,0,0
PUR,1952,22,1,0,0,0,0
PUR,1956,10,4,0,0,0,0
PUR,1960,25,3,0,1,0,0
PUR,1964,35,9,1,0,0,0
PUR,1968,82,11,4,0,1,1
PUR,1972,43,12,3,2,0,0
PUR,1976,85,14,9,2,2,0
PUR,1980,3,0,0,0,0,0
PUR,1984,53,0,4,1,0,0
PUR,1988,51,4,0,1,0,0
PUR,1992,76,21,4,0,0,0
PUR,1996,69,14,4,4,0,0
PUR,2000,25,11,1,1,0,0
PUR,2004,40,3,3,2,2,2
PUR,2008,28,2,0,1,0,0
PUR,2012,24,3,1,0,0,0
PUR,2016,32,7,1,1,0,0
PUR,2020,37,2,0,0,0,0
PUR,2024,40,11,2,0,0,0
QAT,1984,26,0,0,0,0,0
QAT,1988,9,4,0,0,0,0
QAT,1992,24,5,1,0,0,0
QAT,1996,8,4,1,0,0,0
QAT,2000,11,3,3,2,0,0
QAT,2004,11,3,1,0,0,0
QAT,2008,15,3,1,1,0,0
QAT,2012,11,0,2,0,1,0
QAT,2016,38,2,0,1,0,1
QAT,2020,14,2,1,0,0,0
QAT,2024,7,6,0,0,0,0
RHO,1960,12,0,0,0,0,0
ROC,2020,561,0,0,0,0,0
ROT,2016,12,0,0,0,0,0
ROU,1900,1,0,0,0,0,0
ROU,1924,45,0,0,0,0,0
ROU,1928,33,0,0,0,0,0
ROU,1936,114,0,3,0,0,0
ROU,1952,238,0,0,0,3,0
ROU,1956,87,16,0,0,0,0
ROU,1960,102,44,10,0,0,0
ROU,1964,148,49,24,11,0,0
ROU,1968,60,24,13,2,1,0
ROU,1972,201,26,22,6,2,1
ROU,1976,174,59,14,6,2,0
ROU,1980,225,68,36,8,2,0
ROU,1984,119,46,25,1,2,0
ROU,1988,124,36,8,2,0,2
ROU,1992,218,60,22,5,1,0
ROU,1996,173,84,17,9,1,0
ROU,2000,157,43,43,4,5,0
ROU,2004,98,52,21,19,0,3
ROU,2008,103,31,26,6,6,0
ROU,2012,102,33,11,6,2,1
ROU,2016,74,23,13,6,5,0
ROU,2020,107,6,3,3,0,0
ROU,2024,103,35,4,0,2,0
RSA,1904,8,0,0,0,0,0
RSA,1908,33,0,0,0,0,0
RSA,1912,51,5,0,0,0,0
RSA,1920,82,0,15,0,0,0
RSA,1924,29,11,0,2,0,0
RSA,1928,36,4,0,0,0,0
RSA,1932,17,3,0,0,0,0
RSA,1936,39,0,0,0,0,0
RSA,1948,36,0,0,3,0,0
RSA,1952,99,10,0,0,0,0
RSA,1956,53,37,0,0,0,0
RSA,1960,55,13,4,0,0,0
RSA,1992,141,0,0,0,0,0
RSA,1996,88,23,0,0,0,0
RSA,2000,118,35,8,0,0,0
RSA,2004,89,25,13,1,0,0
RSA,2008,132,30,6,8,3,0
RSA,2012,98,34,10,3,0,0
RSA,2016,112,27,14,2,0,0
RSA,2020,182,19,10,0,0,0
RSA,2024,99,50,7,4,0,1
RUS,1900,5,0,0,0,0,0
RUS,1908,7,0,0,0,0,0
RUS,1912,263,2,0,0,0,0
RUS,1996,552,0,0,0,0,0
RUS,2000,380,222,0,0,0,0
RUS,2004,335,148,110,0,0,0
RUS,2008,353,145,60,42,0,0
RUS,2012,326,132,64,19,8,0
RUS,2016,241,100,51,5,5,4
RWA,1984,6,0,0,0,0,0
RWA,1988,7,1,0,0,0,0
RWA,1992,8,1,1,0,0,0
RWA,1996,3,0,1,0,0,0
RWA,2000,3,1,0,1,0,0
RWA,2004,3,1,0,0,1,0
RWA,2008,1,2,1,0,0,0
RWA,2012,6,1,0,0,0,0
RWA,2016,5,2,0,0,0,0
RWA,2020,4,0,1,0,0,0
RWA,2024,8,0,0,0,0,0
SAA,1952,93,0,0,0,0,0
SAM,1984,9,0,0,0,0,0
SAM,1988,10,1,0,0,0,0
SAM,1992,4,1,0,0,0,0
SAM,1996,5,0,0,0,0,0
SAM,2000,4,1,0,0,0,0
SAM,2004,3,0,0,0,0,0
SAM,2008,6,1,0,0,0,0
SAM,2012,6,3,0,0,0,0
SAM,2016,9,0,0,0,0,0
SAM,2020,10,3,0,0,0,0
SAM,2024,22,1,1,0,0,0
SCG,1996,79,0,0,0,0,0
SCG,2000,81,44,0,0,0,0
SCG,2004,54,17,25,0,0,0
SEN,1964,14,0,0,0,0,0
SEN,1968,16,8,0,0,0,0
SEN,1972,29,8,3,0,0,0
SEN,1976,16,14,3,0,0,0
SEN,1980,31,4,4,0,0,0
SEN,1984,22,5,2,0,0,0
SEN,1988,25,6,3,1,0,0
SEN,1992,10,10,5,0,0,0
SEN,1996,9,2,1,0,0,0
SEN,2000,27,2,3,0,0,0
SEN,2004,10,10,0,1,0,0
SEN,2008,11,5,1,0,0,0
SEN,2012,27,1,2,2,0,0
SEN,2016,16,3,1,1,1,0
SEN,2020,8,0,0,1,0,0
SEN,2024,10,3,0,0,0,0
SEY,1980,21,0,0,0,0,0
SEY,1984,10,5,0,0,0,0
SEY,1992,21,0,0,0,0,0
SEY,1996,5,4,0,0,0,0
SEY,2000,6,2,1,0,0,0
SEY,2004,8,1,1,0,0,0
SEY,2008,6,3,0,1,0,0
SEY,2012,6,0,0,0,0,0
SEY,2016,6,3,0,0,0,1
SEY,2020,4,2,0,0,0,0
SEY,2024,2,1,0,0,0,0
SGP,1948,1,0,0,0,0,0
SGP,1952,7,0,0,0,0,0
SGP,1956,52,0,0,0,0,0
SGP,1960,3,2,0,0,0,0
SGP,1968,6,0,0,0,0,0
SGP,1972,12,0,0,0,0,0
SGP,1976,4,0,0,0,0,0
SGP,1984,13,0,0,1,0,0
SGP,1988,11,16,0,0,0,0
SGP,1992,32,5,0,0,0,0
SGP,1996,17,7,11,0,0,0
SGP,2000,15,3,5,0,0,0
SGP,2004,8,9,3,2,0,0
SGP,2008,27,3,5,1,0,0
SGP,2012,21,14,0,1,0,0
SGP,2016,18,7,7,0,0,0
SGP,2020,28,0,2,0,0,0
SGP,2024,22,10,0,0,0,0
SKN,1996,14,0,0,0,0,0
SKN,2000,0,4,0,0,0,0
SKN,2004,1,0,1,0,0,0
SKN,2008,3,1,0,2,0,0
SKN,2012,7,0,0,0,0,0
SKN,2016,2,5,0,0,0,2
SKN,2020,1,0,1,0,0,0
SKN,2024,3,0,0,0,0,0
SLE,1968,4,0,0,0,0,0
SLE,1980,32,0,0,0,0,0
SLE,1984,9,1,0,0,0,0
SLE,1988,14,5,1,0,0,0
SLE,1992,12,3,0,0,0,0
SLE,1996,9,10,0,0,0,0
SLE,2000,3,0,0,0,0,0
SLE,2004,2,0,0,0,0,0
SLE,2008,3,0,0,0,0,0
SLE,2012,2,0,0,0,0,0
SLE,2016,4,0,0,0,0,0
SLE,2020,4,0,0,0,0,0
SLE,2024,3,1,0,0,0,0
SLO,1992,47,0,0,0,0,0
SLO,1996,32,15,0,0,0,0
SLO,2000,66,16,8,0,0,0
SLO,2004,55,27,14,6,0,0
SLO,2008,36,17,12,4,4,0
SLO,2012,41,16,13,3,2,3
SLO,2016,38,17,9,5,1,0
SLO,2020,54,8,1,1,0,0
SLO,2024,79,31,4,1,2,0
SMR,1960,13,0,0,0,0,0
SMR,1968,3,0,1,0,0,0
SMR,1972,6,0,0,1,0,0
SMR,1976,4,5,0,0,1,0
SMR,1980,11,2,2,0,0,1
SMR,1984,18,9,3,1,0,0
SMR,1988,9,4,2,0,0,0
SMR,1992,15,3,1,1,0,0
SMR,1996,4,2,0,1,0,0
SMR,2000,1,1,2,0,0,0
SMR,2004,2,1,1,1,0,0
SMR,2008,3,1,0,0,0,0
SMR,2012,4,0,0,0,0,0
SMR,2016,3,1,0,0,0,0
SMR,2020,6,0,2,0,0,0
SMR,2024,3,1,0,1,0,0
SOL,1984,3,0,0,0,0,0
SOL,1988,5,0,0,0,0,0
SOL,1992,0,0,1,0,0,0
SOL,1996,4,0,0,0,0,0
SOL,2000,1,1,0,0,0,0
SOL,2004,1,1,0,0,0,0
SOL,2008,2,1,0,0,0,0
SOL,2012,3,1,0,0,0,0
SOL,2016,2,1,0,0,0,0
SOL,2020,2,1,0,0,0,0
SOL,2024,1,0,1,0,0,0
SOM,1972,4,0,0,0,0,0
SOM,1984,7,0,0,2,0,0
SOM,1988,1,3,0,0,1,0
SOM,1996,2,0,1,1,0,0
SOM,2000,1,1,0,0,0,0
SOM,2004,2,0,0,0,0,0
SOM,2008,2,0,0,0,0,0
SOM,2012,2,0,0,0,0,0
SOM,2016,1,1,0,0,0,0
SOM,2020,2,0,0,0,0,0
SOM,2024,0,1,0,0,0,0
SRB,1912,2,0,0,0,0,0
SRB,2008,97,0,0,0,0,0
SRB,2012,78,56,0,0,0,0
SRB,2016,65,35,27,0,0,0
SRB,2020,104,4,0,2,0,0
SRB,2024,83,44,6,0,2,0
SRI,1948,10,0,0,0,0,0
SRI,1952,6,1,0,0,0,0
SRI,1956,2,1,0,0,0,0
SRI,1960,5,0,0,0,0,0
SRI,1964,7,0,0,0,0,0
SRI,1968,3,0,0,0,0,0
SRI,1972,6,0,0,0,0,0
SRI,1980,4,0,0,0,0,0
SRI,1984,6,0,0,0,0,0
SRI,1988,6,2,0,0,1,0
SRI,1992,13,0,3,0,0,0
SRI,1996,8,3,0,0,0,0
SRI,2000,14,6,3,0,1,0
SRI,2004,3,2,0,3,0,0
SRI,2008,8,0,0,1,0,0
SRI,2012,6,1,1,0,0,0
SRI,2016,6,3,0,1,0,0
SRI,2020,10,2,1,0,0,0
SRI,2024,6,0,0,0,0,0
SSD,2016,3,0,0,0,0,0
SSD,2020,2,0,0,0,0,0
SSD,2024,12,2,0,0,0,0
STP,1996,2,0,0,0,0,0
STP,2000,2,0,0,0,0,0
STP,2004,2,0,0,0,0,0
STP,2008,4,0,0,0,0,0
STP,2012,2,0,0,0,0,0
STP,2016,2,0,1,0,0,0
STP,2020,5,0,0,0,0,0
STP,2024,3,0,0,0,0,0
SUD,1960,13,0,0,0,0,0
SUD,1968,6,0,1,0,0,0
SUD,1972,27,4,0,0,0,0
SUD,1984,9,0,0,0,0,0
SUD,1988,5,3,0,0,0,0
SUD,1992,7,0,0,0,0,0
SUD,1996,4,0,0,0,0,0
SUD,2000,2,1,0,0,0,0
SUD,2004,4,0,0,0,0,0
SUD,2008,6,3,0,0,0,0
SUD,2012,4,1,1,0,0,0
SUD,2016,5,1,0,0,0,0
SUD,2020,4,1,0,0,0,0
SUD,2024,4,0,0,0,0,0
SUI,1896,8,0,0,0,0,0
SUI,1900,52,0,0,0,0,0
SUI,1904,7,0,0,0,0,0
SUI,1906,29,16,0,0,0,0
SUI,1908,1,0,0,0,0,0
SUI,1912,0,1,0,0,0,0
SUI,1920,123,0,0,3,0,0
SUI,1924,205,41,0,0,0,0
SUI,1928,118,56,19,0,0,0
SUI,1932,1,2,2,2,0,0
SUI,1936,231,0,21,12,6,0
SUI,1948,226,0,0,28,0,0
SUI,1952,189,55,0,0,7,0
SUI,1956,10,8,0,0,0,0
SUI,1960,174,0,38,9,0,0
SUI,1964,90,30,0,8,1,0
SUI,1968,116,25,7,0,6,1
SUI,1972,212,43,7,3,0,0
SUI,1976,61,27,12,0,1,0
SUI,1980,72,11,2,0,1,0
SUI,1984,207,24,9,5,0,0
SUI,1988,80,56,8,5,2,0
SUI,1992,132,23,12,2,2,0
SUI,1996,128,35,6,3,0,0
SUI,2000,96,27,5,8,2,0
SUI,2004,83,33,14,1,7,0
SUI,2008,67,27,19,2,0,1
SUI,2012,76,23,22,5,0,0
SUI,2016,104,36,5,6,0,1
SUI,2020,131,51,11,1,2,0
SUI,2024,144,53,12,4,3,2
SUR,1968,1,0,0,0,0,0
SUR,1972,3,0,0,0,0,0
SUR,1976,2,2,0,0,0,0
SUR,1984,7,0,0,0,0,0
SUR,1988,7,3,0,0,0,0
SUR,1992,4,4,1,0,0,0
SUR,1996,6,3,2,0,0,0
SUR,2000,1,3,0,1,0,0
SUR,2004,3,0,0,0,1,0
SUR,2008,3,1,0,0,0,0
SUR,2012,2,3,0,0,0,0
SUR,2016,5,0,1,0,0,0
SUR,2020,4,1,0,0,0,0
SUR,2024,3,2,1,0,0,0
SVK,1996,98,0,0,0,0,0
SVK,2000,94,38,0,0,0,0
SVK,2004,38,29,17,0,0,0
SVK,2008,30,15,13,9,0,0
SVK,2012,32,17,6,5,5,0
SVK,2016,33,13,11,2,4,0
SVK,2020,49,4,1,2,0,0
SVK,2024,19,16,3,0,0,0
SWE,1896,5,0,0,0,0,0
SWE,1900,27,0,0,0,0,0
SWE,1906,84,11,0,0,0,0
SWE,1908,271,0,5,0,0,0
SWE,1912,577,134,0,3,0,0
SWE,1920,277,0,81,46,0,0
SWE,1924,136,74,0,29,17,0
SWE,1928,95,17,19,0,6,2
SWE,1932,42,17,9,5,0,2
SWE,1936,147,14,14,2,7,0
SWE,1948,198,0,0,12,3,3
SWE,1952,248,95,0,0,9,3
SWE,1956,97,53,32,0,0,4
SWE,1960,193,25,27,13,0,0
SWE,1964,92,64,8,8,3,0
SWE,1968,128,31,19,1,4,3
SWE,1972,137,35,14,0,0,0
SWE,1976,104,34,22,2,1,0
SWE,1980,152,26,8,9,3,3
SWE,1984,171,59,15,8,0,1
SWE,1988,164,55,20,3,5,4
SWE,1992,154,59,33,4,0,2
SWE,1996,140,51,21,15,5,1
SWE,2000,121,40,22,11,2,2
SWE,2004,66,45,31,7,4,4
SWE,2008,92,30,19,20,6,2
SWE,2012,97,41,13,6,7,4
SWE,2016,106,41,24,8,0,7
SWE,2020,131,25,14,3,0,0
SWE,2024,94,51,19,6,3,0
SWZ,1972,4,0,0,0,0,0
SWZ,1984,11,0,0,0,0,0
SWZ,1988,9,6,0,0,0,0
SWZ,1992,8,2,0,0,0,0
SWZ,1996,5,1,0,0,0,0
SWZ,2000,6,0,0,0,0,0
SWZ,2004,2,1,0,0,0,0
SWZ,2008,4,0,0,0,0,0
SWZ,2012,2,1,0,0,0,0
SWZ,2016,0,2,0,0,0,0
SWZ,2020,3,0,1,0,0,0
SWZ,2024,2,0,0,1,0,0
SYR,1948,1,0,0,0,0,0
SYR,1968,2,0,0,0,0,0
SYR,1972,5,0,0,0,0,0
SYR,1980,71,0,0,0,0,0
SYR,1984,5,4,0,0,0,0
SYR,1988,12,1,0,0,0,0
SYR,1992,8,1,0,0,0,0
SYR,1996,3,4,1,0,0,0
SYR,2000,7,0,1,0,0,0
SYR,2004,6,0,0,0,0,0
SYR,2008,6,1,0,0,0,0
SYR,2012,8,2,0,0,0,0
SYR,2016,3,3,1,0,0,0
SYR,2020,5,1,0,0,0,0
SYR,2024,9,0,1,0,0,0
TAN,1964,4,0,0,0,0,0
TAN,1968,5,0,0,0,0,0
TAN,1972,15,6,1,0,0,0
TAN,1980,47,0,1,0,0,0
TAN,1984,11,10,0,0,0,0
TAN,1988,8,1,1,0,0,0
TAN,1992,4,4,1,0,0,0
TAN,1996,5,0,2,0,0,0
TAN,2000,3,1,0,0,0,0
TAN,2004,7,1,1,0,0,0
TAN,2008,6,3,0,0,0,0
TAN,2012,3,2,1,0,0,0
TAN,2016,5,0,1,1,0,0
TAN,2020,3,0,0,0,0,0
TAN,2024,5,2,0,0,0,0
TCH,1920,182,0,0,0,0,0
TCH,1924,174,65,0,0,0,0
TCH,1928,94,42,11,0,0,0
TCH,1932,3,5,1,0,0,0
TCH,1936,224,0,27,6,1,0
TCH,1948,125,0,0,13,0,1
TCH,1952,172,43,0,0,3,0
TCH,1956,82,66,13,0,0,0
TCH,1960,153,22,26,1,0,0
TCH,1964,126,54,5,0,2,0
TCH,1968,145,48,10,0,0,0
TCH,1972,199,53,22,0,0,0
TCH,1976,167,58,25,1,0,0
TCH,1980,239,52,21,5,0,0
TCH,1988,209,0,16,0,0,1
TCH,1992,202,58,0,9,0,0
TGA,1984,7,0,0,0,0,0
TGA,1988,7,0,0,0,0,0
TGA,1992,5,0,0,0,0,0
TGA,1996,4,1,0,0,0,0
TGA,2000,1,1,1,0,0,0
TGA,2004,5,0,0,0,0,0
TGA,2008,2,1,0,0,0,0
TGA,2012,2,0,1,0,0,0
TGA,2016,6,1,0,0,0,0
TGA,2020,4,1,1,0,0,0
TGA,2024,3,1,0,0,0,0
THA,1952,15,0,0,0,0,0
THA,1956,40,0,0,0,0,0
THA,1960,19,5,0,0,0,0
THA,1964,60,5,2,0,0,0
THA,1968,33,11,1,1,0,0
THA,1972,30,4,2,0,1,0
THA,1976,51,9,2,0,0,0
THA,1984,35,0,2,1,2,0
THA,1988,12,2,0,1,0,0
THA,1992,55,4,5,0,0,0
THA,1996,39,18,1,0,0,0
THA,2000,53,10,5,0,0,0
THA,2004,26,17,4,4,0,0
THA,2008,35,9,6,3,0,0
THA,2012,27,7,1,5,3,0
THA,2016,40,9,6,0,3,0
THA,2020,33,8,4,3,0,0
THA,2024,40,9,6,1,2,0
TJK,1996,8,0,0,0,0,0
TJK,2000,3,1,0,0,0,0
TJK,2004,8,0,1,0,0,0
TJK,2008,10,5,1,0,0,0
TJK,2012,9,3,3,1,0,0
TJK,2016,5,0,1,1,0,0
TJK,2020,8,2,0,0,0,0
TJK,2024,10,3,1,0,0,0
TKM,1996,7,0,0,0,0,0
TKM,2000,5,3,0,0,0,0
TKM,2004,5,2,3,0,0,0
TKM,2008,7,1,2,0,0,0
TKM,2012,9,0,0,1,0,0
TKM,2016,8,0,1,0,0,0
TKM,2020,10,0,0,0,0,0
TKM,2024,6,0,0,0,0,0
TLS,2004,2,0,0,0,0,0
TLS,2008,1,0,0,0,0,0
TLS,2012,2,0,0,0,0,0
TLS,2016,2,1,0,0,0,0
TLS,2020,3,0,0,0,0,0
TLS,2024,3,1,0,0,0,0
TOG,1972,7,0,0,0,0,0
TOG,1984,6,0,0,0,0,0
TOG,1988,6,0,0,0,0,0
TOG,1992,6,3,0,0,0,0
TOG,1996,2,3,2,0,0,0
TOG,2000,2,1,0,0,0,0
TOG,2004,3,0,0,0,0,0
TOG,2008,1,2,1,0,0,0
TOG,2012,4,0,1,1,0,0
TOG,2016,4,1,0,0,0,0
TOG,2020,4,0,0,0,0,0
TOG,2024,5,0,0,0,0,0
TPE,1956,23,0,0,0,0,0
TPE,1960,27,4,0,0,0,0
TPE,1964,89,3,4,0,0,0
TPE,1968,59,28,3,3,0,0
TPE,1972,31,9,1,0,3,0
TPE,1984,52,0,0,0,0,0
TPE,1988,104,19,0,0,0,0
TPE,1992,32,4,2,0,0,0
TPE,1996,97,4,4,2,0,0
TPE,2000,52,19,2,2,0,0
TPE,2004,90,7,6,1,0,0
TPE,2008,40,46,3,3,0,0
TPE,2012,33,6,15,1,0,0
TPE,2016,43,15,2,6,1,0
TPE,2020,117,0,0,0,0,0
TPE,2024,51,27,0,0,0,0
TTO,1948,9,0,0,0,0,0
TTO,1952,1,1,0,0,0,0
TTO,1956,8,1,1,0,0,0
TTO,1964,18,0,0,0,0,0
TTO,1968,19,6,0,0,0,0
TTO,1972,25,9,2,0,0,0
TTO,1976,12,8,0,0,0,0
TTO,1980,4,8,3,0,0,0
TTO,1984,22,0,0,1,0,0
TTO,1988,6,4,0,0,0,0
TTO,1992,6,5,2,0,0,0
TTO,1996,11,4,0,1,0,0
TTO,2000,20,4,5,0,0,0
TTO,2004,12,12,0,2,0,0
TTO,2008,19,8,7,1,0,0
TTO,2012,19,11,5,3,0,0
TTO,2016,14,13,12,3,1,0
TTO,2020,30,7,5,2,0,0
TTO,2024,10,9,2,1,1,0
TUN,1960,56,0,0,0,0,0
TUN,1964,11,1,0,0,0,0
TUN,1968,4,4,0,0,0,0
TUN,1972,35,0,2,0,0,0
TUN,1976,10,6,0,0,0,0
TUN,1984,28,0,0,0,0,0
TUN,1988,40,5,0,0,0,0
TUN,1992,11,4,0,0,0,0
TUN,1996,48,3,1,0,0,0
TUN,2000,38,9,0,0,0,0
TUN,2004,50,9,5,0,0,0
TUN,2008,21,2,3,3,0,0
TUN,2012,69,10,1,6,1,0
TUN,2016,35,20,7,0,3,0
TUN,2020,67,0,5,0,0,1
TUN,2024,18,13,0,0,0,0
TUR,1906,2,0,0,0,0,0
TUR,1912,5,2,0,0,0,0
TUR,1924,23,0,0,0,0,0
TUR,1928,29,11,0,0,0,0
TUR,1936,56,0,6,0,0,0
TUR,1948,79,0,0,7,0,0
TUR,1952,49,9,0,0,0,0
TUR,1956,21,5,2,0,0,0
TUR,1960,43,9,3,3,0,0
TUR,1964,12,7,5,0,1,0
TUR,1968,24,4,2,0,0,0
TUR,1972,43,6,1,0,0,0
TUR,1976,21,4,3,0,0,0
TUR,1984,58,0,3,1,0,0
TUR,1988,38,13,0,0,0,0
TUR,1992,42,10,2,0,0,0
TUR,1996,37,18,4,2,0,0
TUR,2000,50,11,5,1,0,0
TUR,2004,46,18,5,5,0,0
TUR,2008,46,16,5,2,2,0
TUR,2012,90,20,6,1,1,1
TUR,2016,83,25,10,1,0,0
TUR,2020,127,10,2,0,0,0
TUR,2024,89,70,5,1,0,0
TUV,2008,3,0,0,0,0,0
TUV,2012,2,1,0,0,0,0
TUV,2016,1,0,0,0,0,0
TUV,2020,2,0,0,0,0,0
TUV,2024,1,1,0,0,0,0
UAE,1984,11,0,0,0,0,0
UAE,1988,30,6,0,0,0,0
UAE,1992,14,22,0,0,0,0
UAE,1996,4,0,0,0,0,0
UAE,2000,5,0,0,0,0,0
UAE,2004,2,3,0,0,0,0
UAE,2008,5,1,3,0,0,0
UAE,2012,25,0,0,1,0,0
UAE,2016,11,0,0,0,1,0
UAE,2020,3,2,0,0,0,0
UAE,2024,15,1,0,0,0,0
UAR,1960,123,0,0,0,0,0
UGA,1956,5,0,0,0,0,0
UGA,1960,16,0,0,0,0,0
UGA,1964,12,7,0,0,0,0
UGA,1968,11,3,0,0,0,0
UGA,1972,28,6,0,1,0,0
UGA,1980,11,0,4,0,0,1
UGA,1984,26,4,0,0,0,0
UGA,1988,21,7,2,0,0,0
UGA,1992,8,1,0,0,0,0
UGA,1996,8,3,1,0,0,0
UGA,2000,9,3,1,0,0,0
UGA,2004,10,1,0,0,0,0
UGA,2008,9,1,1,0,0,0
UGA,2012,10,5,1,0,0,0
UGA,2016,18,3,2,0,0,0
UGA,2020,18,9,1,0,0,0
UGA,2024,13,7,7,0,0,0
UKR,1996,351,0,0,0,0,0
UKR,2000,241,127,0,0,0,0
UKR,2004,221,91,45,0,0,0
UKR,2008,199,87,33,8,0,0
UKR,2012,180,79,29,13,3,0
UKR,2016,153,65,37,12,4,1
UKR,2020,171,31,13,7,3,0
UKR,2024,120,65,17,7,0,3
URS,1952,451,0,0,0,0,0
URS,1956,306,105,0,0,0,0
URS,1960,260,126,28,0,0,0
URS,1964,286,95,64,18,0,0
URS,1968,327,104,34,2,4,0
URS,1972,351,131,33,11,4,1
URS,1976,421,95,46,6,4,2
URS,1980,468,146,33,13,0,0
URS,1988,586,0,44,16,1,0
URU,1924,39,0,0,0,0,0
URU,1928,9,8,0,0,0,0
URU,1932,1,0,0,0,0,0
URU,1936,40,0,0,0,0,0
URU,1948,75,0,0,2,0,0
URU,1952,22,19,0,0,1,0
URU,1956,22,5,2,0,0,0
URU,1960,28,9,3,2,0,0
URU,1964,20,9,0,0,0,0
URU,1968,49,0,0,1,0,0
URU,1972,13,7,0,0,0,0
URU,1976,15,0,0,0,0,0
URU,1984,23,0,0,0,0,0
URU,1988,13,5,0,0,0,0
URU,1992,15,3,0,0,0,0
URU,1996,12,3,0,0,0,0
URU,2000,15,2,0,0,0,0
URU,2004,13,3,2,0,0,0
URU,2008,4,6,2,1,0,0
URU,2012,24,0,3,0,0,0
URU,2016,13,2,0,2,0,0
URU,2020,11,0,0,0,0,0
URU,2024,21,6,0,0,0,0
USA,1896,27,0,0,0,0,0
USA,1900,131,4,0,0,0,0
USA,1904,1079,29,1,0,0,0
USA,1906,74,5,2,0,0,0
USA,1908,169,41,9,0,0,0
USA,1912,304,43,13,3,0,0
USA,1920,427,0,32,2,8,4
USA,1924,360,82,0,10,2,3
USA,1928,251,39,38,0,5,2
USA,1932,256,46,18,17,0,2
USA,1936,303,71,26,11,12,0
USA,1948,395,0,0,10,16,3
USA,1952,338,107,0,0,3,3
USA,1956,339,71,31,0,0,2
USA,1960,316,75,26,11,0,0
USA,1964,403,58,21,4,6,0
USA,1968,410,80,25,6,4,4
USA,1972,428,102,33,8,4,3
USA,1976,433,91,14,7,3,6
USA,1984,638,0,43,7,0,5
USA,1988,502,184,0,24,3,2
USA,1992,498,158,62,0,12,4
USA,1996,582,165,61,23,0,8
USA,2000,520,159,59,13,13,0
USA,2004,461,178,59,22,4,2
USA,2008,500,158,77,20,6,2
USA,2012,394,161,91,35,8,0
USA,2016,453,151,65,29,18,3
USA,2020,643,132,52,21,8,0
USA,2024,510,243,76,15,9,1
UZB,1996,95,0,0,0,0,0
UZB,2000,51,34,0,0,0,0
UZB,2004,52,18,9,0,0,0
UZB,2008,46,13,10,0,0,0
UZB,2012,32,15,6,3,0,0
UZB,2016,48,12,15,1,2,2
UZB,2020,75,7,2,1,0,0
UZB,2024,91,23,5,0,0,0
VAN,1988,6,0,0,0,0,0
VAN,1992,6,2,0,0,0,0
VAN,1996,2,2,0,0,0,0
VAN,2000,2,0,1,0,0,0
VAN,2004,2,0,0,0,0,0
VAN,2008,2,1,0,0,0,0
VAN,2012,5,0,0,0,0,0
VAN,2016,3,1,0,0,0,0
VAN,2020,2,0,1,0,0,0
VAN,2024,5,1,0,0,0,0
VEN,1948,2,0,0,0,0,0
VEN,1952,63,0,0,0,0,0
VEN,1956,36,2,0,0,0,0
VEN,1960,43,8,3,0,0,0
VEN,1964,13,9,1,0,0,0
VEN,1968,22,2,5,1,0,0
VEN,1972,28,4,1,0,0,0
VEN,1976,53,3,0,0,0,0
VEN,1980,42,1,0,0,0,0
VEN,1984,27,16,0,0,0,1
VEN,1988,13,3,1,0,0,0
VEN,1992,25,1,0,1,0,0
VEN,1996,45,8,0,0,0,0
VEN,2000,45,12,5,1,2,0
VEN,2004,37,9,5,2,0,0
VEN,2008,97,16,10,3,0,0
VEN,2012,52,22,7,0,1,3
VEN,2016,56,28,15,6,0,0
VEN,2020,46,1,0,0,0,0
VEN,2024,30,7,0,0,0,0
VIE,1980,38,0,0,0,0,0
VIE,1988,11,0,1,0,0,0
VIE,1992,6,3,0,1,0,0
VIE,1996,6,0,0,0,0,0
VIE,2000,5,1,0,1,0,0
VIE,2004,10,0,0,0,1,0
VIE,2008,10,5,0,1,0,2
VIE,2012,21,3,0,0,0,0
VIE,2016,16,11,0,0,0,1
VIE,2020,23,0,0,0,0,0
VIE,2024,15,5,0,0,0,0
VIN,1988,6,0,0,0,0,0
VIN,1992,5,3,0,0,0,0
VIN,1996,8,3,1,0,0,0
VIN,2000,3,1,0,0,0,0
VIN,2004,2,1,0,0,0,0
VIN,2008,2,0,0,0,0,0
VIN,2012,2,1,0,0,0,0
VIN,2016,3,0,1,0,0,0
VIN,2020,3,0,0,0,0,0
VIN,2024,3,1,0,0,0,0
VNM,1952,13,0,0,0,0,0
VNM,1956,9,1,0,0,0,0
VNM,1960,5,0,0,0,0,0
VNM,1964,20,3,0,0,0,0
VNM,1968,8,1,0,0,0,0
VNM,1972,1,1,0,0,0,0
WIF,1960,20,0,0,0,0,0
YAR,1984,3,0,0,0,0,0
YAR,1988,8,0,0,0,0,0
YEM,1992,8,0,0,0,0,0
YEM,1996,3,1,0,0,0,0
YEM,2000,2,0,0,0,0,0
YEM,2004,3,0,0,0,0,0
YEM,2008,8,0,0,0,0,0
YEM,2012,3,1,0,0,0,0
YEM,2016,3,0,0,0,0,0
YEM,2020,6,0,0,0,0,0
YEM,2024,4,0,0,0,0,0
YMD,1988,5,0,0,0,0,0
YUG,1920,15,0,0,0,0,0
YUG,1924,107,3,0,0,0,0
YUG,1928,57,28,1,0,0,0
YUG,1932,0,0,1,0,0,0
YUG,1936,143,0,8,19,0,0
YUG,1948,142,0,0,14,0,0
YUG,1952,155,38,0,0,1,0
YUG,1956,26,10,1,0,0,0
YUG,1960,159,7,19,0,0,0
YUG,1964,72,41,2,8,0,0
YUG,1968,90,23,16,1,0,0
YUG,1972,152,45,13,2,0,0
YUG,1976,64,24,6,1,0,0
YUG,1980,135,33,11,1,0,0
YUG,1984,100,37,17,0,0,0
YUG,1988,138,31,9,5,0,0
ZAM,1964,15,0,0,0,0,0
ZAM,1968,7,0,0,0,0,0
ZAM,1972,11,1,0,0,0,0
ZAM,1980,41,0,2,0,0,0
ZAM,1984,15,3,0,0,0,0
ZAM,1988,31,2,0,0,0,0
ZAM,1992,9,2,0,0,0,0
ZAM,1996,4,2,2,0,0,0
ZAM,2000,7,0,0,1,0,0
ZAM,2004,4,1,1,0,0,0
ZAM,2008,7,0,1,0,0,0
ZAM,2012,5,1,1,0,0,0
ZAM,2016,5,2,0,0,0,0
ZAM,2020,31,0,0,0,0,0
ZAM,2024,19,12,1,0,0,0
ZIM,1928,2,0,0,0,0,0
ZIM,1960,10,0,0,0,0,0
ZIM,1964,33,0,0,0,0,0
ZIM,1980,52,0,0,0,0,0
ZIM,1984,12,8,0,0,0,0
ZIM,1988,46,1,0,0,0,0
ZIM,1992,21,7,0,0,0,0
ZIM,1996,18,3,0,0,0,0
ZIM,2000,18,6,2,0,0,0
ZIM,2004,8,5,1,0,0,0
ZIM,2008,8,3,5,0,0,0
ZIM,2012,4,2,0,3,0,0
ZIM,2016,25,2,1,1,2,0
ZIM,2020,5,0,0,0,0,0
ZIM,2024,7,0,0,0,0,0
